{
    "site": "DRIAMS-A",
    "years": [
        "2015",
        "2016",
        "2017",
        "2018"
    ],
    "seed": 344,
    "antibiotic": "Meropenem",
    "species": "Klebsiella pneumoniae",
    "model": "lr",
    "best_params": {
        "lr__C": 1.0,
        "lr__penalty": "l1",
        "scaler": "StandardScaler"
    },
    "metadata_versions": {
        "2015_clean.csv": "d022b7aaae8f97f37ec499a0baa1d6428d83cf53",
        "2016_clean.csv": "b64ae1e31e21b47b929bac6d65809c2e4ef4ad41",
        "2017_clean.csv": "7d468e674a2201d6f03a6d9506069b605b5b50ac",
        "2018_clean.csv": "c877802ee9e754f46cebf59ec00c27dff40c1719"
    },
    "scores_positive": 0.5061881331308835,
    "predictions": [
        1
    ]
}