{
    "site": "DRIAMS-A",
    "seed": 480,
    "model": "rf",
    "antibiotic": "Ceftriaxone",
    "species": "Escherichia coli",
    "years": [
        "2015",
        "2016",
        "2017",
        "2018"
    ],
    "metadata_versions": {
        "2015_clean.csv": "d022b7aaae8f97f37ec499a0baa1d6428d83cf53",
        "2016_clean.csv": "b64ae1e31e21b47b929bac6d65809c2e4ef4ad41",
        "2017_clean.csv": "b4dbecce8033e52e32970c3e8652b9f6c7aa2bee",
        "2018_clean.csv": "fb9d669527d73d55719bf15d544620fbf45f1f2e"
    },
    "best_params": {
        "rf__bootstrap": false,
        "rf__criterion": "entropy",
        "rf__max_features": "auto",
        "rf__n_estimators": 200
    },
    "y_score": [
        [
            0.865,
            0.135
        ],
        [
            0.62,
            0.38
        ],
        [
            0.495,
            0.505
        ],
        [
            0.86,
            0.14
        ],
        [
            0.675,
            0.325
        ],
        [
            0.865,
            0.135
        ],
        [
            0.82,
            0.18
        ],
        [
            0.72,
            0.28
        ],
        [
            0.725,
            0.275
        ],
        [
            0.885,
            0.115
        ],
        [
            0.895,
            0.105
        ],
        [
            0.85,
            0.15
        ],
        [
            0.89,
            0.11
        ],
        [
            0.675,
            0.325
        ],
        [
            0.795,
            0.205
        ],
        [
            0.795,
            0.205
        ],
        [
            0.58,
            0.42
        ],
        [
            0.805,
            0.195
        ],
        [
            0.86,
            0.14
        ],
        [
            0.875,
            0.125
        ],
        [
            0.285,
            0.715
        ],
        [
            0.815,
            0.185
        ],
        [
            0.935,
            0.065
        ],
        [
            0.76,
            0.24
        ],
        [
            0.89,
            0.11
        ],
        [
            0.845,
            0.155
        ],
        [
            0.8,
            0.2
        ],
        [
            0.79,
            0.21
        ],
        [
            0.91,
            0.09
        ],
        [
            0.94,
            0.06
        ],
        [
            0.435,
            0.565
        ],
        [
            0.935,
            0.065
        ],
        [
            0.86,
            0.14
        ],
        [
            0.855,
            0.145
        ],
        [
            0.8,
            0.2
        ],
        [
            0.895,
            0.105
        ],
        [
            0.55,
            0.45
        ],
        [
            0.905,
            0.095
        ],
        [
            0.915,
            0.085
        ],
        [
            0.905,
            0.095
        ],
        [
            0.865,
            0.135
        ],
        [
            0.955,
            0.045
        ],
        [
            0.82,
            0.18
        ],
        [
            0.765,
            0.235
        ],
        [
            0.86,
            0.14
        ],
        [
            0.89,
            0.11
        ],
        [
            0.845,
            0.155
        ],
        [
            0.735,
            0.265
        ],
        [
            0.225,
            0.775
        ],
        [
            0.895,
            0.105
        ],
        [
            0.91,
            0.09
        ],
        [
            0.86,
            0.14
        ],
        [
            0.92,
            0.08
        ],
        [
            0.83,
            0.17
        ],
        [
            0.72,
            0.28
        ],
        [
            0.895,
            0.105
        ],
        [
            0.82,
            0.18
        ],
        [
            0.82,
            0.18
        ],
        [
            0.88,
            0.12
        ],
        [
            0.87,
            0.13
        ],
        [
            0.875,
            0.125
        ],
        [
            0.765,
            0.235
        ],
        [
            0.745,
            0.255
        ],
        [
            0.885,
            0.115
        ],
        [
            0.93,
            0.07
        ],
        [
            0.79,
            0.21
        ],
        [
            0.335,
            0.665
        ],
        [
            0.795,
            0.205
        ],
        [
            0.91,
            0.09
        ],
        [
            0.825,
            0.175
        ],
        [
            0.79,
            0.21
        ],
        [
            0.35,
            0.65
        ],
        [
            0.795,
            0.205
        ],
        [
            0.865,
            0.135
        ],
        [
            0.89,
            0.11
        ],
        [
            0.81,
            0.19
        ],
        [
            0.875,
            0.125
        ],
        [
            0.915,
            0.085
        ],
        [
            0.94,
            0.06
        ],
        [
            0.695,
            0.305
        ],
        [
            0.875,
            0.125
        ],
        [
            0.84,
            0.16
        ],
        [
            0.8,
            0.2
        ],
        [
            0.92,
            0.08
        ],
        [
            0.715,
            0.285
        ],
        [
            0.285,
            0.715
        ],
        [
            0.63,
            0.37
        ],
        [
            0.76,
            0.24
        ],
        [
            0.815,
            0.185
        ],
        [
            0.665,
            0.335
        ],
        [
            0.85,
            0.15
        ],
        [
            0.615,
            0.385
        ],
        [
            0.87,
            0.13
        ],
        [
            0.885,
            0.115
        ],
        [
            0.865,
            0.135
        ],
        [
            0.83,
            0.17
        ],
        [
            0.795,
            0.205
        ],
        [
            0.795,
            0.205
        ],
        [
            0.825,
            0.175
        ],
        [
            0.95,
            0.05
        ],
        [
            0.805,
            0.195
        ],
        [
            0.805,
            0.195
        ],
        [
            0.815,
            0.185
        ],
        [
            0.795,
            0.205
        ],
        [
            0.9,
            0.1
        ],
        [
            0.85,
            0.15
        ],
        [
            0.88,
            0.12
        ],
        [
            0.89,
            0.11
        ],
        [
            0.875,
            0.125
        ],
        [
            0.83,
            0.17
        ],
        [
            0.8,
            0.2
        ],
        [
            0.89,
            0.11
        ],
        [
            0.91,
            0.09
        ],
        [
            0.865,
            0.135
        ],
        [
            0.87,
            0.13
        ],
        [
            0.815,
            0.185
        ],
        [
            0.78,
            0.22
        ],
        [
            0.865,
            0.135
        ],
        [
            0.61,
            0.39
        ],
        [
            0.89,
            0.11
        ],
        [
            0.795,
            0.205
        ],
        [
            0.82,
            0.18
        ],
        [
            0.555,
            0.445
        ],
        [
            0.735,
            0.265
        ],
        [
            0.89,
            0.11
        ],
        [
            0.83,
            0.17
        ],
        [
            0.755,
            0.245
        ],
        [
            0.71,
            0.29
        ],
        [
            0.72,
            0.28
        ],
        [
            0.19,
            0.81
        ],
        [
            0.855,
            0.145
        ],
        [
            0.895,
            0.105
        ],
        [
            0.715,
            0.285
        ],
        [
            0.785,
            0.215
        ],
        [
            0.875,
            0.125
        ],
        [
            0.845,
            0.155
        ],
        [
            0.905,
            0.095
        ],
        [
            0.815,
            0.185
        ],
        [
            0.815,
            0.185
        ],
        [
            0.6,
            0.4
        ],
        [
            0.93,
            0.07
        ],
        [
            0.855,
            0.145
        ],
        [
            0.415,
            0.585
        ],
        [
            0.75,
            0.25
        ],
        [
            0.835,
            0.165
        ],
        [
            0.715,
            0.285
        ],
        [
            0.905,
            0.095
        ],
        [
            0.785,
            0.215
        ],
        [
            0.83,
            0.17
        ],
        [
            0.915,
            0.085
        ],
        [
            0.855,
            0.145
        ],
        [
            0.85,
            0.15
        ],
        [
            0.905,
            0.095
        ],
        [
            0.495,
            0.505
        ],
        [
            0.81,
            0.19
        ],
        [
            0.85,
            0.15
        ],
        [
            0.815,
            0.185
        ],
        [
            0.825,
            0.175
        ],
        [
            0.805,
            0.195
        ],
        [
            0.8,
            0.2
        ],
        [
            0.835,
            0.165
        ],
        [
            0.945,
            0.055
        ],
        [
            0.845,
            0.155
        ],
        [
            0.655,
            0.345
        ],
        [
            0.885,
            0.115
        ],
        [
            0.89,
            0.11
        ],
        [
            0.875,
            0.125
        ],
        [
            0.83,
            0.17
        ],
        [
            0.945,
            0.055
        ],
        [
            0.48,
            0.52
        ],
        [
            0.91,
            0.09
        ],
        [
            0.695,
            0.305
        ],
        [
            0.775,
            0.225
        ],
        [
            0.815,
            0.185
        ],
        [
            0.96,
            0.04
        ],
        [
            0.86,
            0.14
        ],
        [
            0.885,
            0.115
        ],
        [
            0.8,
            0.2
        ],
        [
            0.505,
            0.495
        ],
        [
            0.825,
            0.175
        ],
        [
            0.725,
            0.275
        ],
        [
            0.86,
            0.14
        ],
        [
            0.895,
            0.105
        ],
        [
            0.78,
            0.22
        ],
        [
            0.615,
            0.385
        ],
        [
            0.895,
            0.105
        ],
        [
            0.71,
            0.29
        ],
        [
            0.9,
            0.1
        ],
        [
            0.795,
            0.205
        ],
        [
            0.62,
            0.38
        ],
        [
            0.845,
            0.155
        ],
        [
            0.535,
            0.465
        ],
        [
            0.785,
            0.215
        ],
        [
            0.815,
            0.185
        ],
        [
            0.73,
            0.27
        ],
        [
            0.795,
            0.205
        ],
        [
            0.705,
            0.295
        ],
        [
            0.435,
            0.565
        ],
        [
            0.49,
            0.51
        ],
        [
            0.93,
            0.07
        ],
        [
            0.87,
            0.13
        ],
        [
            0.745,
            0.255
        ],
        [
            0.745,
            0.255
        ],
        [
            0.775,
            0.225
        ],
        [
            0.9,
            0.1
        ],
        [
            0.26,
            0.74
        ],
        [
            0.89,
            0.11
        ],
        [
            0.87,
            0.13
        ],
        [
            0.875,
            0.125
        ],
        [
            0.825,
            0.175
        ],
        [
            0.605,
            0.395
        ],
        [
            0.965,
            0.035
        ],
        [
            0.665,
            0.335
        ],
        [
            0.67,
            0.33
        ],
        [
            0.935,
            0.065
        ],
        [
            0.59,
            0.41
        ],
        [
            0.82,
            0.18
        ],
        [
            0.715,
            0.285
        ],
        [
            0.24,
            0.76
        ],
        [
            0.44,
            0.56
        ],
        [
            0.725,
            0.275
        ],
        [
            0.85,
            0.15
        ],
        [
            0.81,
            0.19
        ],
        [
            0.805,
            0.195
        ],
        [
            0.84,
            0.16
        ],
        [
            0.86,
            0.14
        ],
        [
            0.925,
            0.075
        ],
        [
            0.93,
            0.07
        ],
        [
            0.755,
            0.245
        ],
        [
            0.775,
            0.225
        ],
        [
            0.87,
            0.13
        ],
        [
            0.795,
            0.205
        ],
        [
            0.93,
            0.07
        ],
        [
            0.625,
            0.375
        ],
        [
            0.375,
            0.625
        ],
        [
            0.885,
            0.115
        ],
        [
            0.88,
            0.12
        ],
        [
            0.65,
            0.35
        ],
        [
            0.895,
            0.105
        ],
        [
            0.9,
            0.1
        ],
        [
            0.415,
            0.585
        ],
        [
            0.87,
            0.13
        ],
        [
            0.895,
            0.105
        ],
        [
            0.905,
            0.095
        ],
        [
            0.83,
            0.17
        ],
        [
            0.8,
            0.2
        ],
        [
            0.875,
            0.125
        ],
        [
            0.595,
            0.405
        ],
        [
            0.665,
            0.335
        ],
        [
            0.855,
            0.145
        ],
        [
            0.885,
            0.115
        ],
        [
            0.895,
            0.105
        ],
        [
            0.785,
            0.215
        ],
        [
            0.615,
            0.385
        ],
        [
            0.855,
            0.145
        ],
        [
            0.82,
            0.18
        ],
        [
            0.82,
            0.18
        ],
        [
            0.845,
            0.155
        ],
        [
            0.39,
            0.61
        ],
        [
            0.37,
            0.63
        ],
        [
            0.9,
            0.1
        ],
        [
            0.88,
            0.12
        ],
        [
            0.885,
            0.115
        ],
        [
            0.735,
            0.265
        ],
        [
            0.815,
            0.185
        ],
        [
            0.83,
            0.17
        ],
        [
            0.785,
            0.215
        ],
        [
            0.89,
            0.11
        ],
        [
            0.685,
            0.315
        ],
        [
            0.93,
            0.07
        ],
        [
            0.93,
            0.07
        ],
        [
            0.53,
            0.47
        ],
        [
            0.71,
            0.29
        ],
        [
            0.395,
            0.605
        ],
        [
            0.865,
            0.135
        ],
        [
            0.82,
            0.18
        ],
        [
            0.925,
            0.075
        ],
        [
            0.695,
            0.305
        ],
        [
            0.795,
            0.205
        ],
        [
            0.925,
            0.075
        ],
        [
            0.825,
            0.175
        ],
        [
            0.72,
            0.28
        ],
        [
            0.83,
            0.17
        ],
        [
            0.885,
            0.115
        ],
        [
            0.84,
            0.16
        ],
        [
            0.805,
            0.195
        ],
        [
            0.805,
            0.195
        ],
        [
            0.46,
            0.54
        ],
        [
            0.615,
            0.385
        ],
        [
            0.46,
            0.54
        ],
        [
            0.77,
            0.23
        ],
        [
            0.605,
            0.395
        ],
        [
            0.9,
            0.1
        ],
        [
            0.78,
            0.22
        ],
        [
            0.83,
            0.17
        ],
        [
            0.8,
            0.2
        ],
        [
            0.715,
            0.285
        ],
        [
            0.785,
            0.215
        ],
        [
            0.565,
            0.435
        ],
        [
            0.9,
            0.1
        ],
        [
            0.86,
            0.14
        ],
        [
            0.785,
            0.215
        ],
        [
            0.815,
            0.185
        ],
        [
            0.57,
            0.43
        ],
        [
            0.885,
            0.115
        ],
        [
            0.815,
            0.185
        ],
        [
            0.535,
            0.465
        ],
        [
            0.775,
            0.225
        ],
        [
            0.895,
            0.105
        ],
        [
            0.875,
            0.125
        ],
        [
            0.89,
            0.11
        ],
        [
            0.84,
            0.16
        ],
        [
            0.93,
            0.07
        ],
        [
            0.89,
            0.11
        ],
        [
            0.83,
            0.17
        ],
        [
            0.93,
            0.07
        ],
        [
            0.73,
            0.27
        ],
        [
            0.275,
            0.725
        ],
        [
            0.875,
            0.125
        ],
        [
            0.82,
            0.18
        ],
        [
            0.89,
            0.11
        ],
        [
            0.87,
            0.13
        ],
        [
            0.83,
            0.17
        ],
        [
            0.88,
            0.12
        ],
        [
            0.82,
            0.18
        ],
        [
            0.815,
            0.185
        ],
        [
            0.89,
            0.11
        ],
        [
            0.785,
            0.215
        ],
        [
            0.295,
            0.705
        ],
        [
            0.895,
            0.105
        ],
        [
            0.69,
            0.31
        ],
        [
            0.875,
            0.125
        ],
        [
            0.705,
            0.295
        ],
        [
            0.85,
            0.15
        ],
        [
            0.86,
            0.14
        ],
        [
            0.86,
            0.14
        ],
        [
            0.66,
            0.34
        ],
        [
            0.885,
            0.115
        ],
        [
            0.905,
            0.095
        ],
        [
            0.805,
            0.195
        ],
        [
            0.835,
            0.165
        ],
        [
            0.89,
            0.11
        ],
        [
            0.775,
            0.225
        ],
        [
            0.71,
            0.29
        ],
        [
            0.93,
            0.07
        ],
        [
            0.75,
            0.25
        ],
        [
            0.92,
            0.08
        ],
        [
            0.695,
            0.305
        ],
        [
            0.585,
            0.415
        ],
        [
            0.875,
            0.125
        ],
        [
            0.805,
            0.195
        ],
        [
            0.85,
            0.15
        ],
        [
            0.53,
            0.47
        ],
        [
            0.9,
            0.1
        ],
        [
            0.83,
            0.17
        ],
        [
            0.845,
            0.155
        ],
        [
            0.59,
            0.41
        ],
        [
            0.78,
            0.22
        ],
        [
            0.95,
            0.05
        ],
        [
            0.75,
            0.25
        ],
        [
            0.495,
            0.505
        ],
        [
            0.875,
            0.125
        ],
        [
            0.965,
            0.035
        ],
        [
            0.85,
            0.15
        ],
        [
            0.875,
            0.125
        ],
        [
            0.785,
            0.215
        ],
        [
            0.735,
            0.265
        ],
        [
            0.88,
            0.12
        ],
        [
            0.375,
            0.625
        ],
        [
            0.925,
            0.075
        ],
        [
            0.295,
            0.705
        ],
        [
            0.755,
            0.245
        ],
        [
            0.73,
            0.27
        ],
        [
            0.775,
            0.225
        ],
        [
            0.845,
            0.155
        ],
        [
            0.41,
            0.59
        ],
        [
            0.42,
            0.58
        ],
        [
            0.94,
            0.06
        ],
        [
            0.39,
            0.61
        ],
        [
            0.78,
            0.22
        ],
        [
            0.795,
            0.205
        ],
        [
            0.525,
            0.475
        ],
        [
            0.85,
            0.15
        ],
        [
            0.885,
            0.115
        ],
        [
            0.865,
            0.135
        ],
        [
            0.86,
            0.14
        ],
        [
            0.93,
            0.07
        ],
        [
            0.83,
            0.17
        ],
        [
            0.79,
            0.21
        ],
        [
            0.71,
            0.29
        ],
        [
            0.725,
            0.275
        ],
        [
            0.545,
            0.455
        ],
        [
            0.78,
            0.22
        ],
        [
            0.835,
            0.165
        ],
        [
            0.74,
            0.26
        ],
        [
            0.73,
            0.27
        ],
        [
            0.655,
            0.345
        ],
        [
            0.8,
            0.2
        ],
        [
            0.77,
            0.23
        ],
        [
            0.895,
            0.105
        ],
        [
            0.795,
            0.205
        ],
        [
            0.905,
            0.095
        ],
        [
            0.285,
            0.715
        ],
        [
            0.81,
            0.19
        ],
        [
            0.805,
            0.195
        ],
        [
            0.84,
            0.16
        ],
        [
            0.825,
            0.175
        ],
        [
            0.46,
            0.54
        ],
        [
            0.9,
            0.1
        ],
        [
            0.845,
            0.155
        ],
        [
            0.945,
            0.055
        ],
        [
            0.79,
            0.21
        ],
        [
            0.865,
            0.135
        ],
        [
            0.91,
            0.09
        ],
        [
            0.875,
            0.125
        ],
        [
            0.745,
            0.255
        ],
        [
            0.755,
            0.245
        ],
        [
            0.865,
            0.135
        ],
        [
            0.805,
            0.195
        ],
        [
            0.44,
            0.56
        ],
        [
            0.89,
            0.11
        ],
        [
            0.795,
            0.205
        ],
        [
            0.88,
            0.12
        ],
        [
            0.925,
            0.075
        ],
        [
            0.83,
            0.17
        ],
        [
            0.77,
            0.23
        ],
        [
            0.695,
            0.305
        ],
        [
            0.86,
            0.14
        ],
        [
            0.775,
            0.225
        ],
        [
            0.92,
            0.08
        ],
        [
            0.835,
            0.165
        ],
        [
            0.845,
            0.155
        ],
        [
            0.845,
            0.155
        ],
        [
            0.86,
            0.14
        ],
        [
            0.84,
            0.16
        ],
        [
            0.785,
            0.215
        ],
        [
            0.935,
            0.065
        ],
        [
            0.73,
            0.27
        ],
        [
            0.74,
            0.26
        ],
        [
            0.48,
            0.52
        ],
        [
            0.82,
            0.18
        ],
        [
            0.915,
            0.085
        ],
        [
            0.9,
            0.1
        ],
        [
            0.61,
            0.39
        ],
        [
            0.785,
            0.215
        ],
        [
            0.885,
            0.115
        ],
        [
            0.825,
            0.175
        ],
        [
            0.845,
            0.155
        ],
        [
            0.775,
            0.225
        ],
        [
            0.955,
            0.045
        ],
        [
            0.685,
            0.315
        ],
        [
            0.87,
            0.13
        ],
        [
            0.58,
            0.42
        ],
        [
            0.78,
            0.22
        ],
        [
            0.33,
            0.67
        ],
        [
            0.67,
            0.33
        ],
        [
            0.84,
            0.16
        ],
        [
            0.835,
            0.165
        ],
        [
            0.615,
            0.385
        ],
        [
            0.79,
            0.21
        ],
        [
            0.905,
            0.095
        ],
        [
            0.82,
            0.18
        ],
        [
            0.885,
            0.115
        ],
        [
            0.92,
            0.08
        ],
        [
            0.8,
            0.2
        ],
        [
            0.82,
            0.18
        ],
        [
            0.72,
            0.28
        ],
        [
            0.795,
            0.205
        ],
        [
            0.555,
            0.445
        ],
        [
            0.39,
            0.61
        ],
        [
            0.895,
            0.105
        ],
        [
            0.85,
            0.15
        ],
        [
            0.82,
            0.18
        ],
        [
            0.81,
            0.19
        ],
        [
            0.85,
            0.15
        ],
        [
            0.815,
            0.185
        ],
        [
            0.575,
            0.425
        ],
        [
            0.905,
            0.095
        ],
        [
            0.955,
            0.045
        ],
        [
            0.665,
            0.335
        ],
        [
            0.725,
            0.275
        ],
        [
            0.76,
            0.24
        ],
        [
            0.89,
            0.11
        ],
        [
            0.84,
            0.16
        ],
        [
            0.79,
            0.21
        ],
        [
            0.79,
            0.21
        ],
        [
            0.57,
            0.43
        ],
        [
            0.84,
            0.16
        ],
        [
            0.785,
            0.215
        ],
        [
            0.895,
            0.105
        ],
        [
            0.655,
            0.345
        ],
        [
            0.75,
            0.25
        ],
        [
            0.365,
            0.635
        ],
        [
            0.785,
            0.215
        ],
        [
            0.815,
            0.185
        ],
        [
            0.875,
            0.125
        ],
        [
            0.77,
            0.23
        ],
        [
            0.93,
            0.07
        ],
        [
            0.785,
            0.215
        ],
        [
            0.59,
            0.41
        ],
        [
            0.75,
            0.25
        ],
        [
            0.76,
            0.24
        ],
        [
            0.235,
            0.765
        ],
        [
            0.715,
            0.285
        ],
        [
            0.92,
            0.08
        ],
        [
            0.855,
            0.145
        ],
        [
            0.9,
            0.1
        ],
        [
            0.905,
            0.095
        ],
        [
            0.73,
            0.27
        ],
        [
            0.915,
            0.085
        ],
        [
            0.875,
            0.125
        ],
        [
            0.785,
            0.215
        ],
        [
            0.88,
            0.12
        ],
        [
            0.89,
            0.11
        ],
        [
            0.8,
            0.2
        ],
        [
            0.72,
            0.28
        ],
        [
            0.775,
            0.225
        ],
        [
            0.88,
            0.12
        ],
        [
            0.805,
            0.195
        ],
        [
            0.78,
            0.22
        ],
        [
            0.75,
            0.25
        ],
        [
            0.77,
            0.23
        ],
        [
            0.715,
            0.285
        ],
        [
            0.525,
            0.475
        ],
        [
            0.755,
            0.245
        ],
        [
            0.78,
            0.22
        ],
        [
            0.895,
            0.105
        ],
        [
            0.905,
            0.095
        ],
        [
            0.78,
            0.22
        ],
        [
            0.905,
            0.095
        ],
        [
            0.665,
            0.335
        ],
        [
            0.825,
            0.175
        ],
        [
            0.335,
            0.665
        ],
        [
            0.845,
            0.155
        ],
        [
            0.83,
            0.17
        ],
        [
            0.905,
            0.095
        ],
        [
            0.835,
            0.165
        ],
        [
            0.67,
            0.33
        ],
        [
            0.735,
            0.265
        ],
        [
            0.825,
            0.175
        ],
        [
            0.92,
            0.08
        ],
        [
            0.875,
            0.125
        ],
        [
            0.895,
            0.105
        ],
        [
            0.89,
            0.11
        ],
        [
            0.87,
            0.13
        ],
        [
            0.835,
            0.165
        ],
        [
            0.765,
            0.235
        ],
        [
            0.785,
            0.215
        ],
        [
            0.58,
            0.42
        ],
        [
            0.92,
            0.08
        ],
        [
            0.585,
            0.415
        ],
        [
            0.715,
            0.285
        ],
        [
            0.895,
            0.105
        ],
        [
            0.92,
            0.08
        ],
        [
            0.815,
            0.185
        ],
        [
            0.895,
            0.105
        ],
        [
            0.325,
            0.675
        ],
        [
            0.725,
            0.275
        ],
        [
            0.785,
            0.215
        ],
        [
            0.425,
            0.575
        ],
        [
            0.895,
            0.105
        ],
        [
            0.67,
            0.33
        ],
        [
            0.81,
            0.19
        ],
        [
            0.24,
            0.76
        ],
        [
            0.93,
            0.07
        ],
        [
            0.8,
            0.2
        ],
        [
            0.925,
            0.075
        ],
        [
            0.915,
            0.085
        ],
        [
            0.885,
            0.115
        ],
        [
            0.89,
            0.11
        ],
        [
            0.825,
            0.175
        ],
        [
            0.78,
            0.22
        ],
        [
            0.91,
            0.09
        ],
        [
            0.9,
            0.1
        ],
        [
            0.885,
            0.115
        ],
        [
            0.535,
            0.465
        ],
        [
            0.89,
            0.11
        ],
        [
            0.9,
            0.1
        ],
        [
            0.685,
            0.315
        ],
        [
            0.915,
            0.085
        ],
        [
            0.885,
            0.115
        ],
        [
            0.825,
            0.175
        ],
        [
            0.905,
            0.095
        ],
        [
            0.84,
            0.16
        ],
        [
            0.895,
            0.105
        ],
        [
            0.805,
            0.195
        ],
        [
            0.835,
            0.165
        ],
        [
            0.915,
            0.085
        ],
        [
            0.465,
            0.535
        ],
        [
            0.92,
            0.08
        ],
        [
            0.915,
            0.085
        ],
        [
            0.84,
            0.16
        ],
        [
            0.86,
            0.14
        ],
        [
            0.945,
            0.055
        ],
        [
            0.875,
            0.125
        ],
        [
            0.78,
            0.22
        ],
        [
            0.85,
            0.15
        ],
        [
            0.785,
            0.215
        ],
        [
            0.9,
            0.1
        ],
        [
            0.84,
            0.16
        ],
        [
            0.705,
            0.295
        ],
        [
            0.825,
            0.175
        ],
        [
            0.8,
            0.2
        ],
        [
            0.845,
            0.155
        ],
        [
            0.885,
            0.115
        ],
        [
            0.84,
            0.16
        ],
        [
            0.92,
            0.08
        ],
        [
            0.86,
            0.14
        ],
        [
            0.7,
            0.3
        ],
        [
            0.76,
            0.24
        ],
        [
            0.79,
            0.21
        ],
        [
            0.9,
            0.1
        ],
        [
            0.855,
            0.145
        ],
        [
            0.885,
            0.115
        ],
        [
            0.915,
            0.085
        ],
        [
            0.91,
            0.09
        ],
        [
            0.865,
            0.135
        ],
        [
            0.81,
            0.19
        ],
        [
            0.83,
            0.17
        ],
        [
            0.78,
            0.22
        ],
        [
            0.74,
            0.26
        ],
        [
            0.765,
            0.235
        ],
        [
            0.8,
            0.2
        ],
        [
            0.895,
            0.105
        ],
        [
            0.755,
            0.245
        ],
        [
            0.585,
            0.415
        ],
        [
            0.81,
            0.19
        ],
        [
            0.89,
            0.11
        ],
        [
            0.9,
            0.1
        ],
        [
            0.835,
            0.165
        ],
        [
            0.91,
            0.09
        ],
        [
            0.885,
            0.115
        ],
        [
            0.73,
            0.27
        ],
        [
            0.765,
            0.235
        ],
        [
            0.725,
            0.275
        ],
        [
            0.89,
            0.11
        ],
        [
            0.605,
            0.395
        ],
        [
            0.825,
            0.175
        ],
        [
            0.9,
            0.1
        ],
        [
            0.56,
            0.44
        ],
        [
            0.895,
            0.105
        ],
        [
            0.67,
            0.33
        ],
        [
            0.805,
            0.195
        ],
        [
            0.57,
            0.43
        ],
        [
            0.825,
            0.175
        ],
        [
            0.82,
            0.18
        ],
        [
            0.875,
            0.125
        ],
        [
            0.955,
            0.045
        ],
        [
            0.735,
            0.265
        ],
        [
            0.845,
            0.155
        ],
        [
            0.785,
            0.215
        ],
        [
            0.86,
            0.14
        ],
        [
            0.81,
            0.19
        ],
        [
            0.77,
            0.23
        ],
        [
            0.905,
            0.095
        ],
        [
            0.76,
            0.24
        ],
        [
            0.9,
            0.1
        ],
        [
            0.795,
            0.205
        ],
        [
            0.9,
            0.1
        ],
        [
            0.915,
            0.085
        ],
        [
            0.76,
            0.24
        ],
        [
            0.79,
            0.21
        ],
        [
            0.67,
            0.33
        ],
        [
            0.86,
            0.14
        ],
        [
            0.755,
            0.245
        ],
        [
            0.74,
            0.26
        ],
        [
            0.86,
            0.14
        ],
        [
            0.64,
            0.36
        ],
        [
            0.78,
            0.22
        ],
        [
            0.82,
            0.18
        ],
        [
            0.83,
            0.17
        ],
        [
            0.885,
            0.115
        ],
        [
            0.825,
            0.175
        ],
        [
            0.895,
            0.105
        ],
        [
            0.84,
            0.16
        ],
        [
            0.92,
            0.08
        ],
        [
            0.56,
            0.44
        ],
        [
            0.66,
            0.34
        ],
        [
            0.94,
            0.06
        ],
        [
            0.87,
            0.13
        ],
        [
            0.855,
            0.145
        ],
        [
            0.765,
            0.235
        ],
        [
            0.815,
            0.185
        ],
        [
            0.875,
            0.125
        ],
        [
            0.79,
            0.21
        ],
        [
            0.29,
            0.71
        ],
        [
            0.76,
            0.24
        ],
        [
            0.93,
            0.07
        ],
        [
            0.87,
            0.13
        ],
        [
            0.83,
            0.17
        ],
        [
            0.82,
            0.18
        ],
        [
            0.875,
            0.125
        ],
        [
            0.855,
            0.145
        ],
        [
            0.845,
            0.155
        ],
        [
            0.86,
            0.14
        ],
        [
            0.54,
            0.46
        ],
        [
            0.795,
            0.205
        ],
        [
            0.87,
            0.13
        ],
        [
            0.91,
            0.09
        ],
        [
            0.8,
            0.2
        ],
        [
            0.735,
            0.265
        ],
        [
            0.825,
            0.175
        ],
        [
            0.825,
            0.175
        ],
        [
            0.23,
            0.77
        ],
        [
            0.915,
            0.085
        ],
        [
            0.75,
            0.25
        ],
        [
            0.74,
            0.26
        ],
        [
            0.835,
            0.165
        ],
        [
            0.715,
            0.285
        ],
        [
            0.92,
            0.08
        ],
        [
            0.87,
            0.13
        ],
        [
            0.88,
            0.12
        ],
        [
            0.79,
            0.21
        ],
        [
            0.535,
            0.465
        ],
        [
            0.585,
            0.415
        ],
        [
            0.81,
            0.19
        ],
        [
            0.78,
            0.22
        ],
        [
            0.785,
            0.215
        ],
        [
            0.84,
            0.16
        ],
        [
            0.275,
            0.725
        ],
        [
            0.875,
            0.125
        ],
        [
            0.775,
            0.225
        ],
        [
            0.815,
            0.185
        ],
        [
            0.895,
            0.105
        ],
        [
            0.84,
            0.16
        ],
        [
            0.915,
            0.085
        ],
        [
            0.81,
            0.19
        ],
        [
            0.795,
            0.205
        ],
        [
            0.16,
            0.84
        ],
        [
            0.315,
            0.685
        ],
        [
            0.845,
            0.155
        ],
        [
            0.79,
            0.21
        ],
        [
            0.895,
            0.105
        ],
        [
            0.7,
            0.3
        ],
        [
            0.845,
            0.155
        ],
        [
            0.74,
            0.26
        ],
        [
            0.74,
            0.26
        ],
        [
            0.905,
            0.095
        ],
        [
            0.455,
            0.545
        ],
        [
            0.88,
            0.12
        ],
        [
            0.76,
            0.24
        ],
        [
            0.705,
            0.295
        ],
        [
            0.855,
            0.145
        ],
        [
            0.895,
            0.105
        ],
        [
            0.765,
            0.235
        ],
        [
            0.815,
            0.185
        ],
        [
            0.785,
            0.215
        ],
        [
            0.36,
            0.64
        ],
        [
            0.84,
            0.16
        ],
        [
            0.87,
            0.13
        ],
        [
            0.88,
            0.12
        ],
        [
            0.79,
            0.21
        ],
        [
            0.765,
            0.235
        ],
        [
            0.535,
            0.465
        ],
        [
            0.73,
            0.27
        ],
        [
            0.54,
            0.46
        ],
        [
            0.855,
            0.145
        ],
        [
            0.915,
            0.085
        ],
        [
            0.77,
            0.23
        ],
        [
            0.905,
            0.095
        ],
        [
            0.925,
            0.075
        ],
        [
            0.88,
            0.12
        ],
        [
            0.95,
            0.05
        ],
        [
            0.86,
            0.14
        ],
        [
            0.825,
            0.175
        ],
        [
            0.795,
            0.205
        ],
        [
            0.265,
            0.735
        ],
        [
            0.8,
            0.2
        ],
        [
            0.875,
            0.125
        ],
        [
            0.82,
            0.18
        ],
        [
            0.79,
            0.21
        ],
        [
            0.885,
            0.115
        ],
        [
            0.855,
            0.145
        ],
        [
            0.84,
            0.16
        ],
        [
            0.775,
            0.225
        ],
        [
            0.765,
            0.235
        ],
        [
            0.76,
            0.24
        ],
        [
            0.47,
            0.53
        ],
        [
            0.84,
            0.16
        ],
        [
            0.565,
            0.435
        ],
        [
            0.825,
            0.175
        ],
        [
            0.845,
            0.155
        ],
        [
            0.91,
            0.09
        ],
        [
            0.57,
            0.43
        ],
        [
            0.81,
            0.19
        ],
        [
            0.9,
            0.1
        ],
        [
            0.73,
            0.27
        ],
        [
            0.815,
            0.185
        ],
        [
            0.825,
            0.175
        ],
        [
            0.755,
            0.245
        ],
        [
            0.47,
            0.53
        ],
        [
            0.82,
            0.18
        ],
        [
            0.84,
            0.16
        ],
        [
            0.25,
            0.75
        ],
        [
            0.865,
            0.135
        ],
        [
            0.695,
            0.305
        ],
        [
            0.795,
            0.205
        ],
        [
            0.83,
            0.17
        ],
        [
            0.825,
            0.175
        ],
        [
            0.615,
            0.385
        ],
        [
            0.87,
            0.13
        ],
        [
            0.845,
            0.155
        ],
        [
            0.925,
            0.075
        ],
        [
            0.8,
            0.2
        ],
        [
            0.915,
            0.085
        ],
        [
            0.615,
            0.385
        ],
        [
            0.78,
            0.22
        ],
        [
            0.9,
            0.1
        ],
        [
            0.905,
            0.095
        ],
        [
            0.87,
            0.13
        ],
        [
            0.405,
            0.595
        ],
        [
            0.895,
            0.105
        ],
        [
            0.85,
            0.15
        ],
        [
            0.44,
            0.56
        ],
        [
            0.825,
            0.175
        ],
        [
            0.915,
            0.085
        ],
        [
            0.785,
            0.215
        ],
        [
            0.805,
            0.195
        ],
        [
            0.795,
            0.205
        ],
        [
            0.88,
            0.12
        ],
        [
            0.425,
            0.575
        ],
        [
            0.875,
            0.125
        ],
        [
            0.795,
            0.205
        ],
        [
            0.665,
            0.335
        ],
        [
            0.885,
            0.115
        ],
        [
            0.87,
            0.13
        ],
        [
            0.85,
            0.15
        ],
        [
            0.645,
            0.355
        ],
        [
            0.89,
            0.11
        ],
        [
            0.9,
            0.1
        ],
        [
            0.87,
            0.13
        ],
        [
            0.875,
            0.125
        ],
        [
            0.365,
            0.635
        ],
        [
            0.895,
            0.105
        ],
        [
            0.685,
            0.315
        ],
        [
            0.86,
            0.14
        ],
        [
            0.725,
            0.275
        ],
        [
            0.89,
            0.11
        ],
        [
            0.925,
            0.075
        ],
        [
            0.955,
            0.045
        ],
        [
            0.74,
            0.26
        ],
        [
            0.84,
            0.16
        ],
        [
            0.795,
            0.205
        ],
        [
            0.85,
            0.15
        ],
        [
            0.86,
            0.14
        ],
        [
            0.88,
            0.12
        ],
        [
            0.845,
            0.155
        ],
        [
            0.805,
            0.195
        ],
        [
            0.675,
            0.325
        ],
        [
            0.9,
            0.1
        ],
        [
            0.82,
            0.18
        ],
        [
            0.91,
            0.09
        ],
        [
            0.68,
            0.32
        ],
        [
            0.775,
            0.225
        ],
        [
            0.72,
            0.28
        ],
        [
            0.595,
            0.405
        ],
        [
            0.93,
            0.07
        ],
        [
            0.875,
            0.125
        ],
        [
            0.825,
            0.175
        ],
        [
            0.69,
            0.31
        ],
        [
            0.875,
            0.125
        ],
        [
            0.77,
            0.23
        ],
        [
            0.74,
            0.26
        ],
        [
            0.915,
            0.085
        ],
        [
            0.61,
            0.39
        ],
        [
            0.905,
            0.095
        ],
        [
            0.93,
            0.07
        ],
        [
            0.755,
            0.245
        ],
        [
            0.725,
            0.275
        ],
        [
            0.845,
            0.155
        ],
        [
            0.855,
            0.145
        ],
        [
            0.735,
            0.265
        ],
        [
            0.875,
            0.125
        ],
        [
            0.835,
            0.165
        ],
        [
            0.895,
            0.105
        ],
        [
            0.28,
            0.72
        ],
        [
            0.94,
            0.06
        ],
        [
            0.72,
            0.28
        ],
        [
            0.805,
            0.195
        ],
        [
            0.805,
            0.195
        ],
        [
            0.765,
            0.235
        ],
        [
            0.955,
            0.045
        ],
        [
            0.905,
            0.095
        ],
        [
            0.885,
            0.115
        ],
        [
            0.93,
            0.07
        ],
        [
            0.695,
            0.305
        ],
        [
            0.83,
            0.17
        ],
        [
            0.83,
            0.17
        ],
        [
            0.87,
            0.13
        ],
        [
            0.78,
            0.22
        ],
        [
            0.7,
            0.3
        ],
        [
            0.935,
            0.065
        ],
        [
            0.72,
            0.28
        ],
        [
            0.845,
            0.155
        ],
        [
            0.79,
            0.21
        ],
        [
            0.805,
            0.195
        ],
        [
            0.445,
            0.555
        ],
        [
            0.85,
            0.15
        ],
        [
            0.88,
            0.12
        ],
        [
            0.89,
            0.11
        ],
        [
            0.86,
            0.14
        ],
        [
            0.8,
            0.2
        ],
        [
            0.83,
            0.17
        ],
        [
            0.9,
            0.1
        ],
        [
            0.875,
            0.125
        ],
        [
            0.855,
            0.145
        ],
        [
            0.725,
            0.275
        ],
        [
            0.86,
            0.14
        ],
        [
            0.925,
            0.075
        ],
        [
            0.875,
            0.125
        ],
        [
            0.245,
            0.755
        ],
        [
            0.81,
            0.19
        ],
        [
            0.865,
            0.135
        ],
        [
            0.875,
            0.125
        ],
        [
            0.765,
            0.235
        ],
        [
            0.86,
            0.14
        ],
        [
            0.85,
            0.15
        ],
        [
            0.905,
            0.095
        ],
        [
            0.76,
            0.24
        ],
        [
            0.82,
            0.18
        ],
        [
            0.89,
            0.11
        ],
        [
            0.59,
            0.41
        ],
        [
            0.875,
            0.125
        ],
        [
            0.82,
            0.18
        ],
        [
            0.85,
            0.15
        ],
        [
            0.895,
            0.105
        ],
        [
            0.815,
            0.185
        ],
        [
            0.765,
            0.235
        ],
        [
            0.795,
            0.205
        ],
        [
            0.76,
            0.24
        ],
        [
            0.805,
            0.195
        ],
        [
            0.885,
            0.115
        ],
        [
            0.925,
            0.075
        ],
        [
            0.695,
            0.305
        ],
        [
            0.965,
            0.035
        ],
        [
            0.845,
            0.155
        ],
        [
            0.92,
            0.08
        ],
        [
            0.69,
            0.31
        ],
        [
            0.885,
            0.115
        ],
        [
            0.875,
            0.125
        ],
        [
            0.785,
            0.215
        ],
        [
            0.92,
            0.08
        ],
        [
            0.92,
            0.08
        ],
        [
            0.825,
            0.175
        ],
        [
            0.83,
            0.17
        ],
        [
            0.955,
            0.045
        ],
        [
            0.255,
            0.745
        ],
        [
            0.345,
            0.655
        ],
        [
            0.84,
            0.16
        ],
        [
            0.86,
            0.14
        ],
        [
            0.915,
            0.085
        ],
        [
            0.57,
            0.43
        ],
        [
            0.9,
            0.1
        ],
        [
            0.845,
            0.155
        ],
        [
            0.66,
            0.34
        ],
        [
            0.505,
            0.495
        ],
        [
            0.855,
            0.145
        ],
        [
            0.32,
            0.68
        ],
        [
            0.895,
            0.105
        ],
        [
            0.955,
            0.045
        ],
        [
            0.89,
            0.11
        ],
        [
            0.695,
            0.305
        ],
        [
            0.88,
            0.12
        ],
        [
            0.825,
            0.175
        ],
        [
            0.825,
            0.175
        ],
        [
            0.84,
            0.16
        ],
        [
            0.865,
            0.135
        ],
        [
            0.85,
            0.15
        ],
        [
            0.845,
            0.155
        ],
        [
            0.8,
            0.2
        ],
        [
            0.875,
            0.125
        ],
        [
            0.87,
            0.13
        ],
        [
            0.83,
            0.17
        ],
        [
            0.77,
            0.23
        ],
        [
            0.85,
            0.15
        ],
        [
            0.805,
            0.195
        ],
        [
            0.745,
            0.255
        ],
        [
            0.425,
            0.575
        ],
        [
            0.795,
            0.205
        ],
        [
            0.845,
            0.155
        ],
        [
            0.86,
            0.14
        ],
        [
            0.895,
            0.105
        ],
        [
            0.79,
            0.21
        ],
        [
            0.94,
            0.06
        ],
        [
            0.23,
            0.77
        ],
        [
            0.915,
            0.085
        ],
        [
            0.88,
            0.12
        ],
        [
            0.705,
            0.295
        ],
        [
            0.81,
            0.19
        ],
        [
            0.955,
            0.045
        ],
        [
            0.77,
            0.23
        ],
        [
            0.735,
            0.265
        ],
        [
            0.865,
            0.135
        ]
    ],
    "y_pred": [
        0,
        0,
        1,
        0,
        0,
        0,
        0,
        0,
        0,
        0,
        0,
        0,
        0,
        0,
        0,
        0,
        0,
        0,
        0,
        0,
        1,
        0,
        0,
        0,
        0,
        0,
        0,
        0,
        0,
        0,
        1,
        0,
        0,
        0,
        0,
        0,
        0,
        0,
        0,
        0,
        0,
        0,
        0,
        0,
        0,
        0,
        0,
        0,
        1,
        0,
        0,
        0,
        0,
        0,
        0,
        0,
        0,
        0,
        0,
        0,
        0,
        0,
        0,
        0,
        0,
        0,
        1,
        0,
        0,
        0,
        0,
        1,
        0,
        0,
        0,
        0,
        0,
        0,
        0,
        0,
        0,
        0,
        0,
        0,
        0,
        1,
        0,
        0,
        0,
        0,
        0,
        0,
        0,
        0,
        0,
        0,
        0,
        0,
        0,
        0,
        0,
        0,
        0,
        0,
        0,
        0,
        0,
        0,
        0,
        0,
        0,
        0,
        0,
        0,
        0,
        0,
        0,
        0,
        0,
        0,
        0,
        0,
        0,
        0,
        0,
        0,
        0,
        0,
        0,
        1,
        0,
        0,
        0,
        0,
        0,
        0,
        0,
        0,
        0,
        0,
        0,
        0,
        1,
        0,
        0,
        0,
        0,
        0,
        0,
        0,
        0,
        0,
        0,
        1,
        0,
        0,
        0,
        0,
        0,
        0,
        0,
        0,
        0,
        0,
        0,
        0,
        0,
        0,
        0,
        1,
        0,
        0,
        0,
        0,
        0,
        0,
        0,
        0,
        0,
        0,
        0,
        0,
        0,
        0,
        0,
        0,
        0,
        0,
        0,
        0,
        0,
        0,
        0,
        0,
        0,
        0,
        0,
        1,
        1,
        0,
        0,
        0,
        0,
        0,
        0,
        1,
        0,
        0,
        0,
        0,
        0,
        0,
        0,
        0,
        0,
        0,
        0,
        0,
        1,
        1,
        0,
        0,
        0,
        0,
        0,
        0,
        0,
        0,
        0,
        0,
        0,
        0,
        0,
        0,
        1,
        0,
        0,
        0,
        0,
        0,
        1,
        0,
        0,
        0,
        0,
        0,
        0,
        0,
        0,
        0,
        0,
        0,
        0,
        0,
        0,
        0,
        0,
        0,
        1,
        1,
        0,
        0,
        0,
        0,
        0,
        0,
        0,
        0,
        0,
        0,
        0,
        0,
        0,
        1,
        0,
        0,
        0,
        0,
        0,
        0,
        0,
        0,
        0,
        0,
        0,
        0,
        0,
        1,
        0,
        1,
        0,
        0,
        0,
        0,
        0,
        0,
        0,
        0,
        0,
        0,
        0,
        0,
        0,
        0,
        0,
        0,
        0,
        0,
        0,
        0,
        0,
        0,
        0,
        0,
        0,
        0,
        0,
        1,
        0,
        0,
        0,
        0,
        0,
        0,
        0,
        0,
        0,
        0,
        1,
        0,
        0,
        0,
        0,
        0,
        0,
        0,
        0,
        0,
        0,
        0,
        0,
        0,
        0,
        0,
        0,
        0,
        0,
        0,
        0,
        0,
        0,
        0,
        0,
        0,
        0,
        0,
        0,
        0,
        0,
        0,
        1,
        0,
        0,
        0,
        0,
        0,
        0,
        0,
        1,
        0,
        1,
        0,
        0,
        0,
        0,
        1,
        1,
        0,
        1,
        0,
        0,
        0,
        0,
        0,
        0,
        0,
        0,
        0,
        0,
        0,
        0,
        0,
        0,
        0,
        0,
        0,
        0,
        0,
        0,
        0,
        0,
        0,
        1,
        0,
        0,
        0,
        0,
        1,
        0,
        0,
        0,
        0,
        0,
        0,
        0,
        0,
        0,
        0,
        0,
        1,
        0,
        0,
        0,
        0,
        0,
        0,
        0,
        0,
        0,
        0,
        0,
        0,
        0,
        0,
        0,
        0,
        0,
        0,
        0,
        1,
        0,
        0,
        0,
        0,
        0,
        0,
        0,
        0,
        0,
        0,
        0,
        0,
        0,
        0,
        1,
        0,
        0,
        0,
        0,
        0,
        0,
        0,
        0,
        0,
        0,
        0,
        0,
        0,
        0,
        1,
        0,
        0,
        0,
        0,
        0,
        0,
        0,
        0,
        0,
        0,
        0,
        0,
        0,
        0,
        0,
        0,
        0,
        0,
        0,
        0,
        0,
        0,
        1,
        0,
        0,
        0,
        0,
        0,
        0,
        0,
        0,
        0,
        1,
        0,
        0,
        0,
        0,
        0,
        0,
        0,
        0,
        0,
        0,
        0,
        0,
        0,
        0,
        0,
        0,
        0,
        0,
        0,
        0,
        0,
        0,
        0,
        0,
        0,
        0,
        0,
        0,
        0,
        1,
        0,
        0,
        0,
        0,
        0,
        0,
        0,
        0,
        0,
        0,
        0,
        0,
        0,
        0,
        0,
        0,
        0,
        0,
        0,
        0,
        0,
        0,
        0,
        1,
        0,
        0,
        1,
        0,
        0,
        0,
        1,
        0,
        0,
        0,
        0,
        0,
        0,
        0,
        0,
        0,
        0,
        0,
        0,
        0,
        0,
        0,
        0,
        0,
        0,
        0,
        0,
        0,
        0,
        0,
        0,
        1,
        0,
        0,
        0,
        0,
        0,
        0,
        0,
        0,
        0,
        0,
        0,
        0,
        0,
        0,
        0,
        0,
        0,
        0,
        0,
        0,
        0,
        0,
        0,
        0,
        0,
        0,
        0,
        0,
        0,
        0,
        0,
        0,
        0,
        0,
        0,
        0,
        0,
        0,
        0,
        0,
        0,
        0,
        0,
        0,
        0,
        0,
        0,
        0,
        0,
        0,
        0,
        0,
        0,
        0,
        0,
        0,
        0,
        0,
        0,
        0,
        0,
        0,
        0,
        0,
        0,
        0,
        0,
        0,
        0,
        0,
        0,
        0,
        0,
        0,
        0,
        0,
        0,
        0,
        0,
        0,
        0,
        0,
        0,
        0,
        0,
        0,
        0,
        0,
        0,
        0,
        0,
        0,
        0,
        0,
        0,
        0,
        1,
        0,
        0,
        0,
        0,
        0,
        0,
        0,
        0,
        0,
        0,
        0,
        0,
        0,
        0,
        0,
        0,
        0,
        1,
        0,
        0,
        0,
        0,
        0,
        0,
        0,
        0,
        0,
        0,
        0,
        0,
        0,
        0,
        0,
        1,
        0,
        0,
        0,
        0,
        0,
        0,
        0,
        0,
        1,
        1,
        0,
        0,
        0,
        0,
        0,
        0,
        0,
        0,
        1,
        0,
        0,
        0,
        0,
        0,
        0,
        0,
        0,
        1,
        0,
        0,
        0,
        0,
        0,
        0,
        0,
        0,
        0,
        0,
        0,
        0,
        0,
        0,
        0,
        0,
        0,
        0,
        1,
        0,
        0,
        0,
        0,
        0,
        0,
        0,
        0,
        0,
        0,
        1,
        0,
        0,
        0,
        0,
        0,
        0,
        0,
        0,
        0,
        0,
        0,
        0,
        1,
        0,
        0,
        1,
        0,
        0,
        0,
        0,
        0,
        0,
        0,
        0,
        0,
        0,
        0,
        0,
        0,
        0,
        0,
        0,
        1,
        0,
        0,
        1,
        0,
        0,
        0,
        0,
        0,
        0,
        1,
        0,
        0,
        0,
        0,
        0,
        0,
        0,
        0,
        0,
        0,
        0,
        1,
        0,
        0,
        0,
        0,
        0,
        0,
        0,
        0,
        0,
        0,
        0,
        0,
        0,
        0,
        0,
        0,
        0,
        0,
        0,
        0,
        0,
        0,
        0,
        0,
        0,
        0,
        0,
        0,
        0,
        0,
        0,
        0,
        0,
        0,
        0,
        0,
        0,
        0,
        0,
        0,
        0,
        0,
        1,
        0,
        0,
        0,
        0,
        0,
        0,
        0,
        0,
        0,
        0,
        0,
        0,
        0,
        0,
        0,
        0,
        0,
        0,
        0,
        0,
        1,
        0,
        0,
        0,
        0,
        0,
        0,
        0,
        0,
        0,
        0,
        0,
        0,
        0,
        1,
        0,
        0,
        0,
        0,
        0,
        0,
        0,
        0,
        0,
        0,
        0,
        0,
        0,
        0,
        0,
        0,
        0,
        0,
        0,
        0,
        0,
        0,
        0,
        0,
        0,
        0,
        0,
        0,
        0,
        0,
        0,
        0,
        0,
        0,
        0,
        1,
        1,
        0,
        0,
        0,
        0,
        0,
        0,
        0,
        0,
        0,
        1,
        0,
        0,
        0,
        0,
        0,
        0,
        0,
        0,
        0,
        0,
        0,
        0,
        0,
        0,
        0,
        0,
        0,
        0,
        0,
        1,
        0,
        0,
        0,
        0,
        0,
        0,
        1,
        0,
        0,
        0,
        0,
        0,
        0,
        0,
        0
    ],
    "y_test": [
        0,
        0,
        1,
        0,
        0,
        1,
        0,
        0,
        1,
        0,
        0,
        0,
        0,
        0,
        0,
        1,
        1,
        0,
        0,
        0,
        0,
        0,
        1,
        0,
        0,
        0,
        0,
        0,
        0,
        0,
        1,
        0,
        0,
        0,
        1,
        0,
        1,
        0,
        0,
        0,
        0,
        0,
        0,
        0,
        0,
        0,
        0,
        1,
        1,
        0,
        0,
        1,
        0,
        0,
        0,
        0,
        0,
        0,
        0,
        0,
        0,
        1,
        0,
        0,
        0,
        0,
        1,
        0,
        0,
        0,
        0,
        1,
        0,
        0,
        0,
        0,
        0,
        0,
        0,
        1,
        0,
        0,
        0,
        0,
        0,
        1,
        1,
        0,
        0,
        1,
        0,
        1,
        0,
        0,
        0,
        0,
        1,
        0,
        0,
        0,
        0,
        1,
        1,
        0,
        0,
        0,
        0,
        0,
        0,
        0,
        0,
        0,
        0,
        0,
        0,
        0,
        0,
        0,
        0,
        1,
        0,
        0,
        1,
        0,
        0,
        1,
        0,
        0,
        1,
        1,
        0,
        0,
        1,
        0,
        0,
        0,
        0,
        0,
        0,
        1,
        0,
        0,
        1,
        0,
        0,
        1,
        0,
        0,
        0,
        0,
        0,
        0,
        0,
        1,
        0,
        0,
        1,
        0,
        0,
        0,
        0,
        0,
        0,
        0,
        0,
        0,
        0,
        0,
        0,
        1,
        0,
        0,
        0,
        0,
        0,
        1,
        0,
        0,
        1,
        0,
        1,
        0,
        0,
        0,
        0,
        1,
        1,
        0,
        0,
        1,
        0,
        1,
        0,
        0,
        0,
        0,
        0,
        1,
        1,
        0,
        0,
        1,
        0,
        0,
        0,
        1,
        0,
        0,
        0,
        0,
        1,
        0,
        0,
        1,
        0,
        0,
        0,
        0,
        1,
        1,
        1,
        0,
        0,
        1,
        0,
        0,
        0,
        0,
        0,
        0,
        0,
        0,
        0,
        0,
        1,
        0,
        0,
        0,
        0,
        0,
        1,
        0,
        0,
        0,
        1,
        0,
        0,
        0,
        0,
        0,
        0,
        0,
        0,
        1,
        0,
        0,
        0,
        0,
        1,
        1,
        0,
        0,
        0,
        0,
        1,
        0,
        0,
        0,
        1,
        0,
        0,
        1,
        0,
        1,
        0,
        0,
        0,
        0,
        0,
        0,
        0,
        0,
        0,
        1,
        0,
        1,
        0,
        1,
        0,
        1,
        0,
        1,
        0,
        0,
        0,
        1,
        1,
        0,
        1,
        0,
        0,
        0,
        0,
        1,
        0,
        0,
        1,
        0,
        0,
        0,
        0,
        0,
        0,
        1,
        0,
        0,
        0,
        1,
        0,
        0,
        0,
        0,
        0,
        0,
        0,
        0,
        0,
        0,
        1,
        0,
        0,
        0,
        1,
        0,
        0,
        0,
        1,
        0,
        1,
        0,
        0,
        0,
        0,
        1,
        0,
        1,
        0,
        1,
        1,
        0,
        1,
        0,
        1,
        0,
        0,
        0,
        1,
        0,
        0,
        0,
        1,
        0,
        0,
        0,
        0,
        0,
        0,
        0,
        1,
        0,
        1,
        0,
        0,
        0,
        0,
        1,
        1,
        0,
        1,
        0,
        0,
        1,
        0,
        0,
        0,
        0,
        0,
        0,
        0,
        1,
        0,
        1,
        0,
        0,
        0,
        0,
        1,
        1,
        0,
        0,
        0,
        0,
        1,
        1,
        0,
        0,
        0,
        1,
        0,
        1,
        0,
        0,
        0,
        0,
        0,
        0,
        1,
        0,
        0,
        1,
        0,
        0,
        0,
        0,
        1,
        1,
        0,
        0,
        0,
        0,
        0,
        0,
        0,
        0,
        0,
        0,
        0,
        0,
        0,
        1,
        0,
        0,
        0,
        0,
        1,
        0,
        0,
        0,
        0,
        0,
        1,
        0,
        1,
        0,
        1,
        0,
        0,
        0,
        0,
        0,
        0,
        0,
        0,
        0,
        0,
        0,
        0,
        0,
        1,
        1,
        0,
        0,
        0,
        0,
        0,
        1,
        0,
        0,
        0,
        0,
        1,
        0,
        0,
        0,
        0,
        0,
        1,
        0,
        0,
        0,
        0,
        0,
        1,
        0,
        0,
        0,
        0,
        0,
        0,
        1,
        0,
        0,
        1,
        0,
        0,
        0,
        0,
        0,
        1,
        0,
        0,
        0,
        0,
        0,
        0,
        0,
        0,
        0,
        0,
        0,
        0,
        0,
        1,
        1,
        0,
        0,
        0,
        0,
        0,
        0,
        0,
        0,
        1,
        1,
        0,
        0,
        0,
        1,
        0,
        0,
        0,
        0,
        0,
        0,
        0,
        0,
        0,
        0,
        1,
        0,
        1,
        1,
        0,
        0,
        0,
        0,
        1,
        0,
        1,
        1,
        0,
        1,
        0,
        1,
        0,
        0,
        0,
        0,
        0,
        0,
        0,
        0,
        1,
        0,
        0,
        1,
        0,
        0,
        1,
        0,
        0,
        0,
        0,
        1,
        0,
        0,
        0,
        0,
        0,
        0,
        0,
        0,
        0,
        0,
        0,
        0,
        0,
        0,
        0,
        0,
        0,
        0,
        0,
        0,
        0,
        0,
        0,
        0,
        0,
        1,
        0,
        0,
        0,
        0,
        0,
        0,
        0,
        0,
        0,
        1,
        0,
        0,
        0,
        0,
        0,
        1,
        1,
        0,
        0,
        0,
        0,
        0,
        1,
        0,
        0,
        0,
        1,
        1,
        0,
        1,
        0,
        1,
        0,
        1,
        0,
        0,
        0,
        0,
        1,
        0,
        0,
        0,
        0,
        0,
        0,
        0,
        1,
        0,
        0,
        0,
        0,
        0,
        1,
        0,
        0,
        0,
        0,
        0,
        0,
        0,
        1,
        0,
        0,
        0,
        0,
        0,
        1,
        1,
        0,
        0,
        0,
        0,
        1,
        0,
        0,
        1,
        1,
        0,
        0,
        0,
        0,
        0,
        0,
        1,
        0,
        0,
        1,
        0,
        0,
        1,
        0,
        0,
        0,
        1,
        0,
        0,
        1,
        0,
        1,
        0,
        0,
        0,
        0,
        1,
        0,
        0,
        0,
        1,
        0,
        1,
        0,
        1,
        0,
        0,
        0,
        0,
        1,
        0,
        1,
        1,
        0,
        1,
        0,
        0,
        0,
        1,
        0,
        0,
        1,
        0,
        0,
        1,
        0,
        0,
        0,
        0,
        0,
        1,
        0,
        0,
        0,
        0,
        0,
        1,
        0,
        1,
        0,
        0,
        0,
        0,
        0,
        0,
        0,
        0,
        0,
        0,
        1,
        0,
        0,
        0,
        0,
        0,
        0,
        1,
        0,
        0,
        0,
        1,
        0,
        1,
        0,
        0,
        0,
        1,
        0,
        0,
        0,
        0,
        0,
        0,
        0,
        0,
        0,
        1,
        0,
        0,
        0,
        0,
        0,
        0,
        0,
        0,
        0,
        0,
        0,
        0,
        0,
        0,
        0,
        0,
        1,
        0,
        0,
        1,
        0,
        0,
        1,
        1,
        1,
        0,
        1,
        0,
        0,
        1,
        0,
        1,
        0,
        0,
        0,
        0,
        0,
        0,
        1,
        0,
        1,
        0,
        0,
        0,
        0,
        0,
        0,
        0,
        0,
        0,
        0,
        0,
        0,
        0,
        0,
        0,
        0,
        1,
        1,
        0,
        1,
        1,
        0,
        0,
        0,
        1,
        0,
        0,
        0,
        0,
        0,
        0,
        0,
        0,
        0,
        0,
        0,
        0,
        0,
        0,
        0,
        1,
        0,
        0,
        0,
        0,
        0,
        0,
        0,
        0,
        0,
        1,
        0,
        0,
        0,
        0,
        0,
        0,
        0,
        0,
        0,
        0,
        1,
        0,
        0,
        0,
        0,
        0,
        0,
        0,
        0,
        0,
        0,
        0,
        0,
        0,
        1,
        0,
        0,
        0,
        0,
        0,
        0,
        0,
        1,
        0,
        0,
        1,
        1,
        0,
        0,
        0,
        0,
        0,
        0,
        0,
        0,
        0,
        0,
        1,
        0,
        1,
        0,
        0,
        0,
        0,
        0,
        0,
        0,
        0,
        0,
        0,
        1,
        1,
        0,
        0,
        1,
        1,
        0,
        0,
        1,
        1,
        0,
        1,
        0,
        0,
        0,
        0,
        0,
        0,
        0,
        0,
        0,
        0,
        0,
        0,
        0,
        1,
        0,
        0,
        0,
        1,
        1,
        1,
        0,
        0,
        0,
        0,
        0,
        0,
        1,
        0,
        0,
        0,
        0,
        0,
        0,
        1,
        0
    ],
    "accuracy": 0.8429003021148036,
    "auprc": 0.7526934336453784,
    "auroc": 0.8660268896384626
}