{
    "site": "DRIAMS-A",
    "seed": 344,
    "model": "rf",
    "antibiotic": "Ciprofloxacin",
    "species": "Staphylococcus aureus",
    "years": [
        "2015",
        "2016",
        "2017",
        "2018"
    ],
    "metadata_versions": {
        "2015_clean.csv": "d022b7aaae8f97f37ec499a0baa1d6428d83cf53",
        "2016_clean.csv": "b64ae1e31e21b47b929bac6d65809c2e4ef4ad41",
        "2017_clean.csv": "b4dbecce8033e52e32970c3e8652b9f6c7aa2bee",
        "2018_clean.csv": "fb9d669527d73d55719bf15d544620fbf45f1f2e"
    },
    "best_params": {
        "rf__bootstrap": false,
        "rf__criterion": "entropy",
        "rf__max_features": "auto",
        "rf__n_estimators": 200
    },
    "y_score": [
        [
            0.885,
            0.115
        ],
        [
            0.795,
            0.205
        ],
        [
            0.935,
            0.065
        ],
        [
            0.84,
            0.16
        ],
        [
            0.94,
            0.06
        ],
        [
            0.95,
            0.05
        ],
        [
            0.875,
            0.125
        ],
        [
            0.82,
            0.18
        ],
        [
            0.84,
            0.16
        ],
        [
            0.815,
            0.185
        ],
        [
            0.845,
            0.155
        ],
        [
            0.69,
            0.31
        ],
        [
            0.905,
            0.095
        ],
        [
            0.86,
            0.14
        ],
        [
            0.59,
            0.41
        ],
        [
            0.88,
            0.12
        ],
        [
            0.89,
            0.11
        ],
        [
            0.96,
            0.04
        ],
        [
            0.87,
            0.13
        ],
        [
            0.965,
            0.035
        ],
        [
            0.71,
            0.29
        ],
        [
            0.865,
            0.135
        ],
        [
            0.9,
            0.1
        ],
        [
            0.87,
            0.13
        ],
        [
            0.905,
            0.095
        ],
        [
            0.89,
            0.11
        ],
        [
            0.88,
            0.12
        ],
        [
            0.74,
            0.26
        ],
        [
            0.93,
            0.07
        ],
        [
            0.92,
            0.08
        ],
        [
            0.885,
            0.115
        ],
        [
            0.93,
            0.07
        ],
        [
            0.94,
            0.06
        ],
        [
            0.915,
            0.085
        ],
        [
            0.835,
            0.165
        ],
        [
            0.905,
            0.095
        ],
        [
            0.445,
            0.555
        ],
        [
            0.905,
            0.095
        ],
        [
            0.905,
            0.095
        ],
        [
            0.885,
            0.115
        ],
        [
            0.88,
            0.12
        ],
        [
            0.435,
            0.565
        ],
        [
            0.795,
            0.205
        ],
        [
            0.865,
            0.135
        ],
        [
            0.89,
            0.11
        ],
        [
            0.915,
            0.085
        ],
        [
            0.565,
            0.435
        ],
        [
            0.87,
            0.13
        ],
        [
            0.86,
            0.14
        ],
        [
            0.73,
            0.27
        ],
        [
            0.725,
            0.275
        ],
        [
            0.89,
            0.11
        ],
        [
            0.93,
            0.07
        ],
        [
            0.87,
            0.13
        ],
        [
            0.78,
            0.22
        ],
        [
            0.82,
            0.18
        ],
        [
            0.93,
            0.07
        ],
        [
            0.875,
            0.125
        ],
        [
            0.82,
            0.18
        ],
        [
            0.915,
            0.085
        ],
        [
            0.85,
            0.15
        ],
        [
            0.79,
            0.21
        ],
        [
            0.855,
            0.145
        ],
        [
            0.495,
            0.505
        ],
        [
            0.91,
            0.09
        ],
        [
            0.94,
            0.06
        ],
        [
            0.94,
            0.06
        ],
        [
            0.82,
            0.18
        ],
        [
            0.85,
            0.15
        ],
        [
            0.65,
            0.35
        ],
        [
            0.905,
            0.095
        ],
        [
            0.86,
            0.14
        ],
        [
            0.89,
            0.11
        ],
        [
            0.735,
            0.265
        ],
        [
            0.885,
            0.115
        ],
        [
            0.82,
            0.18
        ],
        [
            0.785,
            0.215
        ],
        [
            0.895,
            0.105
        ],
        [
            0.535,
            0.465
        ],
        [
            0.935,
            0.065
        ],
        [
            0.85,
            0.15
        ],
        [
            0.915,
            0.085
        ],
        [
            0.765,
            0.235
        ],
        [
            0.93,
            0.07
        ],
        [
            0.92,
            0.08
        ],
        [
            0.595,
            0.405
        ],
        [
            0.935,
            0.065
        ],
        [
            0.735,
            0.265
        ],
        [
            0.895,
            0.105
        ],
        [
            0.305,
            0.695
        ],
        [
            0.925,
            0.075
        ],
        [
            0.875,
            0.125
        ],
        [
            0.91,
            0.09
        ],
        [
            0.93,
            0.07
        ],
        [
            0.89,
            0.11
        ],
        [
            0.875,
            0.125
        ],
        [
            0.865,
            0.135
        ],
        [
            0.86,
            0.14
        ],
        [
            0.8,
            0.2
        ],
        [
            0.935,
            0.065
        ],
        [
            0.95,
            0.05
        ],
        [
            0.79,
            0.21
        ],
        [
            0.86,
            0.14
        ],
        [
            0.885,
            0.115
        ],
        [
            0.895,
            0.105
        ],
        [
            0.88,
            0.12
        ],
        [
            0.955,
            0.045
        ],
        [
            0.935,
            0.065
        ],
        [
            0.585,
            0.415
        ],
        [
            0.82,
            0.18
        ],
        [
            0.93,
            0.07
        ],
        [
            0.935,
            0.065
        ],
        [
            0.795,
            0.205
        ],
        [
            0.91,
            0.09
        ],
        [
            0.82,
            0.18
        ],
        [
            0.88,
            0.12
        ],
        [
            0.87,
            0.13
        ],
        [
            0.77,
            0.23
        ],
        [
            0.945,
            0.055
        ],
        [
            0.84,
            0.16
        ],
        [
            0.895,
            0.105
        ],
        [
            0.82,
            0.18
        ],
        [
            0.905,
            0.095
        ],
        [
            0.84,
            0.16
        ],
        [
            0.83,
            0.17
        ],
        [
            0.645,
            0.355
        ],
        [
            0.875,
            0.125
        ],
        [
            0.81,
            0.19
        ],
        [
            0.76,
            0.24
        ],
        [
            0.78,
            0.22
        ],
        [
            0.87,
            0.13
        ],
        [
            0.905,
            0.095
        ],
        [
            0.94,
            0.06
        ],
        [
            0.905,
            0.095
        ],
        [
            0.85,
            0.15
        ],
        [
            0.87,
            0.13
        ],
        [
            0.86,
            0.14
        ],
        [
            0.855,
            0.145
        ],
        [
            0.9,
            0.1
        ],
        [
            0.515,
            0.485
        ],
        [
            0.85,
            0.15
        ],
        [
            0.92,
            0.08
        ],
        [
            0.765,
            0.235
        ],
        [
            0.935,
            0.065
        ],
        [
            0.86,
            0.14
        ],
        [
            0.475,
            0.525
        ],
        [
            0.915,
            0.085
        ],
        [
            0.755,
            0.245
        ],
        [
            0.925,
            0.075
        ],
        [
            0.94,
            0.06
        ],
        [
            0.915,
            0.085
        ],
        [
            0.94,
            0.06
        ],
        [
            0.825,
            0.175
        ],
        [
            0.89,
            0.11
        ],
        [
            0.87,
            0.13
        ],
        [
            0.93,
            0.07
        ],
        [
            0.895,
            0.105
        ],
        [
            0.925,
            0.075
        ],
        [
            0.875,
            0.125
        ],
        [
            0.795,
            0.205
        ],
        [
            0.775,
            0.225
        ],
        [
            0.845,
            0.155
        ],
        [
            0.88,
            0.12
        ],
        [
            0.77,
            0.23
        ],
        [
            0.83,
            0.17
        ],
        [
            0.85,
            0.15
        ],
        [
            0.8,
            0.2
        ],
        [
            0.88,
            0.12
        ],
        [
            0.695,
            0.305
        ],
        [
            0.865,
            0.135
        ],
        [
            0.855,
            0.145
        ],
        [
            0.93,
            0.07
        ],
        [
            0.885,
            0.115
        ],
        [
            0.925,
            0.075
        ],
        [
            0.95,
            0.05
        ],
        [
            0.9,
            0.1
        ],
        [
            0.86,
            0.14
        ],
        [
            0.855,
            0.145
        ],
        [
            0.915,
            0.085
        ],
        [
            0.77,
            0.23
        ],
        [
            0.765,
            0.235
        ],
        [
            0.97,
            0.03
        ],
        [
            0.82,
            0.18
        ],
        [
            0.555,
            0.445
        ],
        [
            0.925,
            0.075
        ],
        [
            0.91,
            0.09
        ],
        [
            0.87,
            0.13
        ],
        [
            0.85,
            0.15
        ],
        [
            0.87,
            0.13
        ],
        [
            0.885,
            0.115
        ],
        [
            0.935,
            0.065
        ],
        [
            0.915,
            0.085
        ],
        [
            0.885,
            0.115
        ],
        [
            0.78,
            0.22
        ],
        [
            0.755,
            0.245
        ],
        [
            0.9,
            0.1
        ],
        [
            0.92,
            0.08
        ],
        [
            0.865,
            0.135
        ],
        [
            0.915,
            0.085
        ],
        [
            0.94,
            0.06
        ],
        [
            0.765,
            0.235
        ],
        [
            0.81,
            0.19
        ],
        [
            0.93,
            0.07
        ],
        [
            0.8,
            0.2
        ],
        [
            0.87,
            0.13
        ],
        [
            0.77,
            0.23
        ],
        [
            0.89,
            0.11
        ],
        [
            0.865,
            0.135
        ],
        [
            0.96,
            0.04
        ],
        [
            0.925,
            0.075
        ],
        [
            0.92,
            0.08
        ],
        [
            0.84,
            0.16
        ],
        [
            0.91,
            0.09
        ],
        [
            0.685,
            0.315
        ],
        [
            0.915,
            0.085
        ],
        [
            0.85,
            0.15
        ],
        [
            0.875,
            0.125
        ],
        [
            0.865,
            0.135
        ],
        [
            0.94,
            0.06
        ],
        [
            0.94,
            0.06
        ],
        [
            0.825,
            0.175
        ],
        [
            0.775,
            0.225
        ],
        [
            0.8,
            0.2
        ],
        [
            0.875,
            0.125
        ],
        [
            0.955,
            0.045
        ],
        [
            0.925,
            0.075
        ],
        [
            0.76,
            0.24
        ],
        [
            0.895,
            0.105
        ],
        [
            0.79,
            0.21
        ],
        [
            0.865,
            0.135
        ],
        [
            0.935,
            0.065
        ],
        [
            0.53,
            0.47
        ],
        [
            0.835,
            0.165
        ],
        [
            0.825,
            0.175
        ],
        [
            0.905,
            0.095
        ],
        [
            0.83,
            0.17
        ],
        [
            0.91,
            0.09
        ],
        [
            0.805,
            0.195
        ],
        [
            0.845,
            0.155
        ],
        [
            0.96,
            0.04
        ],
        [
            0.89,
            0.11
        ],
        [
            0.89,
            0.11
        ],
        [
            0.84,
            0.16
        ],
        [
            0.925,
            0.075
        ],
        [
            0.925,
            0.075
        ],
        [
            0.92,
            0.08
        ],
        [
            0.855,
            0.145
        ],
        [
            0.855,
            0.145
        ],
        [
            0.83,
            0.17
        ],
        [
            0.36,
            0.64
        ],
        [
            0.92,
            0.08
        ],
        [
            0.805,
            0.195
        ],
        [
            0.82,
            0.18
        ],
        [
            0.92,
            0.08
        ],
        [
            0.835,
            0.165
        ],
        [
            0.91,
            0.09
        ],
        [
            0.94,
            0.06
        ],
        [
            0.76,
            0.24
        ],
        [
            0.71,
            0.29
        ],
        [
            0.84,
            0.16
        ],
        [
            0.795,
            0.205
        ],
        [
            0.94,
            0.06
        ],
        [
            0.895,
            0.105
        ],
        [
            0.94,
            0.06
        ],
        [
            0.74,
            0.26
        ],
        [
            0.78,
            0.22
        ],
        [
            0.485,
            0.515
        ],
        [
            0.67,
            0.33
        ],
        [
            0.935,
            0.065
        ],
        [
            0.95,
            0.05
        ],
        [
            0.89,
            0.11
        ],
        [
            0.795,
            0.205
        ],
        [
            0.92,
            0.08
        ],
        [
            0.8,
            0.2
        ],
        [
            0.585,
            0.415
        ],
        [
            0.875,
            0.125
        ],
        [
            0.945,
            0.055
        ],
        [
            0.885,
            0.115
        ],
        [
            0.875,
            0.125
        ],
        [
            0.865,
            0.135
        ],
        [
            0.83,
            0.17
        ],
        [
            0.89,
            0.11
        ],
        [
            0.845,
            0.155
        ],
        [
            0.685,
            0.315
        ],
        [
            0.92,
            0.08
        ],
        [
            0.82,
            0.18
        ],
        [
            0.81,
            0.19
        ],
        [
            0.505,
            0.495
        ],
        [
            0.795,
            0.205
        ],
        [
            0.905,
            0.095
        ],
        [
            0.92,
            0.08
        ],
        [
            0.95,
            0.05
        ],
        [
            0.87,
            0.13
        ],
        [
            0.695,
            0.305
        ],
        [
            0.89,
            0.11
        ],
        [
            0.88,
            0.12
        ],
        [
            0.915,
            0.085
        ],
        [
            0.895,
            0.105
        ],
        [
            0.865,
            0.135
        ],
        [
            0.93,
            0.07
        ],
        [
            0.86,
            0.14
        ],
        [
            0.79,
            0.21
        ],
        [
            0.725,
            0.275
        ],
        [
            0.94,
            0.06
        ],
        [
            0.92,
            0.08
        ],
        [
            0.935,
            0.065
        ],
        [
            0.785,
            0.215
        ],
        [
            0.86,
            0.14
        ],
        [
            0.87,
            0.13
        ],
        [
            0.865,
            0.135
        ],
        [
            0.775,
            0.225
        ],
        [
            0.91,
            0.09
        ],
        [
            0.69,
            0.31
        ],
        [
            0.705,
            0.295
        ],
        [
            0.805,
            0.195
        ],
        [
            0.825,
            0.175
        ],
        [
            0.74,
            0.26
        ],
        [
            0.92,
            0.08
        ],
        [
            0.735,
            0.265
        ],
        [
            0.93,
            0.07
        ],
        [
            0.905,
            0.095
        ],
        [
            0.96,
            0.04
        ],
        [
            0.925,
            0.075
        ],
        [
            0.875,
            0.125
        ],
        [
            0.825,
            0.175
        ],
        [
            0.775,
            0.225
        ],
        [
            0.92,
            0.08
        ],
        [
            0.815,
            0.185
        ],
        [
            0.865,
            0.135
        ],
        [
            0.455,
            0.545
        ],
        [
            0.945,
            0.055
        ],
        [
            0.905,
            0.095
        ],
        [
            0.835,
            0.165
        ],
        [
            0.735,
            0.265
        ],
        [
            0.745,
            0.255
        ],
        [
            0.845,
            0.155
        ],
        [
            0.915,
            0.085
        ],
        [
            0.855,
            0.145
        ],
        [
            0.88,
            0.12
        ],
        [
            0.92,
            0.08
        ],
        [
            0.92,
            0.08
        ],
        [
            0.92,
            0.08
        ],
        [
            0.85,
            0.15
        ],
        [
            0.665,
            0.335
        ],
        [
            0.865,
            0.135
        ],
        [
            0.925,
            0.075
        ],
        [
            0.94,
            0.06
        ],
        [
            0.955,
            0.045
        ],
        [
            0.865,
            0.135
        ],
        [
            0.95,
            0.05
        ],
        [
            0.71,
            0.29
        ],
        [
            0.795,
            0.205
        ],
        [
            0.89,
            0.11
        ],
        [
            0.52,
            0.48
        ],
        [
            0.8,
            0.2
        ],
        [
            0.815,
            0.185
        ],
        [
            0.845,
            0.155
        ],
        [
            0.915,
            0.085
        ],
        [
            0.77,
            0.23
        ],
        [
            0.86,
            0.14
        ],
        [
            0.895,
            0.105
        ],
        [
            0.77,
            0.23
        ],
        [
            0.845,
            0.155
        ],
        [
            0.78,
            0.22
        ],
        [
            0.845,
            0.155
        ],
        [
            0.735,
            0.265
        ],
        [
            0.79,
            0.21
        ],
        [
            0.82,
            0.18
        ],
        [
            0.84,
            0.16
        ],
        [
            0.905,
            0.095
        ],
        [
            0.92,
            0.08
        ],
        [
            0.925,
            0.075
        ],
        [
            0.83,
            0.17
        ],
        [
            0.755,
            0.245
        ],
        [
            0.805,
            0.195
        ],
        [
            0.94,
            0.06
        ],
        [
            0.865,
            0.135
        ],
        [
            0.425,
            0.575
        ],
        [
            0.9,
            0.1
        ],
        [
            0.93,
            0.07
        ],
        [
            0.915,
            0.085
        ],
        [
            0.81,
            0.19
        ],
        [
            0.87,
            0.13
        ],
        [
            0.895,
            0.105
        ],
        [
            0.845,
            0.155
        ],
        [
            0.785,
            0.215
        ],
        [
            0.91,
            0.09
        ],
        [
            0.92,
            0.08
        ],
        [
            0.94,
            0.06
        ],
        [
            0.915,
            0.085
        ],
        [
            0.895,
            0.105
        ],
        [
            0.855,
            0.145
        ],
        [
            0.68,
            0.32
        ],
        [
            0.96,
            0.04
        ],
        [
            0.76,
            0.24
        ],
        [
            0.755,
            0.245
        ],
        [
            0.935,
            0.065
        ],
        [
            0.865,
            0.135
        ],
        [
            0.9,
            0.1
        ],
        [
            0.79,
            0.21
        ],
        [
            0.83,
            0.17
        ],
        [
            0.715,
            0.285
        ],
        [
            0.94,
            0.06
        ],
        [
            0.835,
            0.165
        ],
        [
            0.93,
            0.07
        ],
        [
            0.87,
            0.13
        ],
        [
            0.915,
            0.085
        ],
        [
            0.815,
            0.185
        ],
        [
            0.9,
            0.1
        ],
        [
            0.9,
            0.1
        ],
        [
            0.9,
            0.1
        ],
        [
            0.85,
            0.15
        ],
        [
            0.63,
            0.37
        ],
        [
            0.895,
            0.105
        ],
        [
            0.765,
            0.235
        ],
        [
            0.87,
            0.13
        ],
        [
            0.94,
            0.06
        ],
        [
            0.88,
            0.12
        ],
        [
            0.925,
            0.075
        ],
        [
            0.88,
            0.12
        ],
        [
            0.925,
            0.075
        ],
        [
            0.66,
            0.34
        ],
        [
            0.89,
            0.11
        ],
        [
            0.9,
            0.1
        ],
        [
            0.925,
            0.075
        ],
        [
            0.415,
            0.585
        ],
        [
            0.925,
            0.075
        ],
        [
            0.855,
            0.145
        ],
        [
            0.85,
            0.15
        ],
        [
            0.795,
            0.205
        ],
        [
            0.905,
            0.095
        ],
        [
            0.885,
            0.115
        ],
        [
            0.9,
            0.1
        ],
        [
            0.795,
            0.205
        ],
        [
            0.885,
            0.115
        ],
        [
            0.93,
            0.07
        ],
        [
            0.92,
            0.08
        ],
        [
            0.915,
            0.085
        ],
        [
            0.875,
            0.125
        ],
        [
            0.9,
            0.1
        ],
        [
            0.655,
            0.345
        ],
        [
            0.915,
            0.085
        ],
        [
            0.865,
            0.135
        ],
        [
            0.78,
            0.22
        ],
        [
            0.81,
            0.19
        ],
        [
            0.895,
            0.105
        ],
        [
            0.795,
            0.205
        ],
        [
            0.91,
            0.09
        ],
        [
            0.795,
            0.205
        ],
        [
            0.86,
            0.14
        ],
        [
            0.93,
            0.07
        ],
        [
            0.715,
            0.285
        ],
        [
            0.84,
            0.16
        ],
        [
            0.805,
            0.195
        ],
        [
            0.86,
            0.14
        ],
        [
            0.84,
            0.16
        ],
        [
            0.925,
            0.075
        ],
        [
            0.87,
            0.13
        ],
        [
            0.88,
            0.12
        ],
        [
            0.27,
            0.73
        ],
        [
            0.86,
            0.14
        ],
        [
            0.88,
            0.12
        ],
        [
            0.91,
            0.09
        ],
        [
            0.695,
            0.305
        ],
        [
            0.72,
            0.28
        ],
        [
            0.865,
            0.135
        ],
        [
            0.915,
            0.085
        ],
        [
            0.875,
            0.125
        ],
        [
            0.89,
            0.11
        ],
        [
            0.84,
            0.16
        ],
        [
            0.895,
            0.105
        ],
        [
            0.705,
            0.295
        ],
        [
            0.805,
            0.195
        ],
        [
            0.85,
            0.15
        ],
        [
            0.875,
            0.125
        ],
        [
            0.845,
            0.155
        ],
        [
            0.87,
            0.13
        ],
        [
            0.74,
            0.26
        ],
        [
            0.915,
            0.085
        ],
        [
            0.935,
            0.065
        ],
        [
            0.86,
            0.14
        ],
        [
            0.76,
            0.24
        ],
        [
            0.82,
            0.18
        ],
        [
            0.745,
            0.255
        ],
        [
            0.845,
            0.155
        ],
        [
            0.815,
            0.185
        ],
        [
            0.36,
            0.64
        ],
        [
            0.88,
            0.12
        ],
        [
            0.92,
            0.08
        ],
        [
            0.855,
            0.145
        ],
        [
            0.67,
            0.33
        ],
        [
            0.88,
            0.12
        ],
        [
            0.845,
            0.155
        ],
        [
            0.89,
            0.11
        ],
        [
            0.86,
            0.14
        ],
        [
            0.905,
            0.095
        ],
        [
            0.92,
            0.08
        ],
        [
            0.92,
            0.08
        ],
        [
            0.885,
            0.115
        ],
        [
            0.89,
            0.11
        ],
        [
            0.745,
            0.255
        ],
        [
            0.84,
            0.16
        ],
        [
            0.955,
            0.045
        ],
        [
            0.715,
            0.285
        ],
        [
            0.86,
            0.14
        ],
        [
            0.91,
            0.09
        ],
        [
            0.925,
            0.075
        ],
        [
            0.85,
            0.15
        ],
        [
            0.53,
            0.47
        ],
        [
            0.94,
            0.06
        ],
        [
            0.9,
            0.1
        ],
        [
            0.91,
            0.09
        ],
        [
            0.85,
            0.15
        ],
        [
            0.915,
            0.085
        ],
        [
            0.565,
            0.435
        ],
        [
            0.84,
            0.16
        ],
        [
            0.87,
            0.13
        ],
        [
            0.875,
            0.125
        ],
        [
            0.945,
            0.055
        ],
        [
            0.845,
            0.155
        ],
        [
            0.82,
            0.18
        ],
        [
            0.72,
            0.28
        ],
        [
            0.885,
            0.115
        ],
        [
            0.725,
            0.275
        ],
        [
            0.815,
            0.185
        ],
        [
            0.94,
            0.06
        ],
        [
            0.465,
            0.535
        ],
        [
            0.93,
            0.07
        ],
        [
            0.85,
            0.15
        ],
        [
            0.885,
            0.115
        ],
        [
            0.88,
            0.12
        ],
        [
            0.86,
            0.14
        ],
        [
            0.84,
            0.16
        ],
        [
            0.835,
            0.165
        ],
        [
            0.895,
            0.105
        ],
        [
            0.9,
            0.1
        ],
        [
            0.87,
            0.13
        ],
        [
            0.84,
            0.16
        ],
        [
            0.86,
            0.14
        ],
        [
            0.915,
            0.085
        ],
        [
            0.8,
            0.2
        ],
        [
            0.75,
            0.25
        ],
        [
            0.89,
            0.11
        ],
        [
            0.825,
            0.175
        ],
        [
            0.935,
            0.065
        ],
        [
            0.87,
            0.13
        ],
        [
            0.785,
            0.215
        ],
        [
            0.71,
            0.29
        ],
        [
            0.815,
            0.185
        ],
        [
            0.925,
            0.075
        ],
        [
            0.88,
            0.12
        ],
        [
            0.73,
            0.27
        ],
        [
            0.84,
            0.16
        ],
        [
            0.86,
            0.14
        ],
        [
            0.92,
            0.08
        ],
        [
            0.935,
            0.065
        ],
        [
            0.885,
            0.115
        ],
        [
            0.815,
            0.185
        ],
        [
            0.605,
            0.395
        ],
        [
            0.9,
            0.1
        ],
        [
            0.9,
            0.1
        ],
        [
            0.89,
            0.11
        ],
        [
            0.73,
            0.27
        ],
        [
            0.845,
            0.155
        ],
        [
            0.49,
            0.51
        ],
        [
            0.85,
            0.15
        ],
        [
            0.8,
            0.2
        ],
        [
            0.825,
            0.175
        ],
        [
            0.87,
            0.13
        ],
        [
            0.94,
            0.06
        ],
        [
            0.78,
            0.22
        ],
        [
            0.84,
            0.16
        ],
        [
            0.78,
            0.22
        ],
        [
            0.945,
            0.055
        ],
        [
            0.775,
            0.225
        ],
        [
            0.855,
            0.145
        ],
        [
            0.945,
            0.055
        ],
        [
            0.895,
            0.105
        ],
        [
            0.595,
            0.405
        ],
        [
            0.9,
            0.1
        ],
        [
            0.84,
            0.16
        ],
        [
            0.825,
            0.175
        ],
        [
            0.815,
            0.185
        ],
        [
            0.895,
            0.105
        ],
        [
            0.865,
            0.135
        ],
        [
            0.825,
            0.175
        ],
        [
            0.83,
            0.17
        ],
        [
            0.835,
            0.165
        ],
        [
            0.875,
            0.125
        ],
        [
            0.915,
            0.085
        ],
        [
            0.9,
            0.1
        ],
        [
            0.86,
            0.14
        ],
        [
            0.94,
            0.06
        ],
        [
            0.865,
            0.135
        ],
        [
            0.885,
            0.115
        ],
        [
            0.86,
            0.14
        ],
        [
            0.95,
            0.05
        ],
        [
            0.89,
            0.11
        ],
        [
            0.91,
            0.09
        ],
        [
            0.96,
            0.04
        ],
        [
            0.86,
            0.14
        ],
        [
            0.85,
            0.15
        ],
        [
            0.885,
            0.115
        ],
        [
            0.9,
            0.1
        ],
        [
            0.9,
            0.1
        ],
        [
            0.865,
            0.135
        ],
        [
            0.9,
            0.1
        ],
        [
            0.76,
            0.24
        ],
        [
            0.795,
            0.205
        ],
        [
            0.925,
            0.075
        ],
        [
            0.85,
            0.15
        ],
        [
            0.7,
            0.3
        ],
        [
            0.8,
            0.2
        ],
        [
            0.885,
            0.115
        ],
        [
            0.83,
            0.17
        ],
        [
            0.81,
            0.19
        ],
        [
            0.86,
            0.14
        ],
        [
            0.895,
            0.105
        ],
        [
            0.96,
            0.04
        ],
        [
            0.91,
            0.09
        ],
        [
            0.865,
            0.135
        ],
        [
            0.77,
            0.23
        ],
        [
            0.82,
            0.18
        ],
        [
            0.835,
            0.165
        ],
        [
            0.885,
            0.115
        ],
        [
            0.94,
            0.06
        ],
        [
            0.865,
            0.135
        ],
        [
            0.895,
            0.105
        ],
        [
            0.935,
            0.065
        ],
        [
            0.93,
            0.07
        ],
        [
            0.84,
            0.16
        ],
        [
            0.73,
            0.27
        ],
        [
            0.865,
            0.135
        ],
        [
            0.825,
            0.175
        ],
        [
            0.87,
            0.13
        ],
        [
            0.88,
            0.12
        ],
        [
            0.875,
            0.125
        ],
        [
            0.775,
            0.225
        ],
        [
            0.565,
            0.435
        ],
        [
            0.89,
            0.11
        ],
        [
            0.92,
            0.08
        ],
        [
            0.905,
            0.095
        ],
        [
            0.59,
            0.41
        ],
        [
            0.86,
            0.14
        ],
        [
            0.895,
            0.105
        ],
        [
            0.895,
            0.105
        ],
        [
            0.815,
            0.185
        ],
        [
            0.41,
            0.59
        ],
        [
            0.725,
            0.275
        ],
        [
            0.8,
            0.2
        ],
        [
            0.915,
            0.085
        ],
        [
            0.865,
            0.135
        ],
        [
            0.83,
            0.17
        ],
        [
            0.885,
            0.115
        ],
        [
            0.89,
            0.11
        ],
        [
            0.9,
            0.1
        ],
        [
            0.91,
            0.09
        ],
        [
            0.875,
            0.125
        ],
        [
            0.89,
            0.11
        ],
        [
            0.905,
            0.095
        ],
        [
            0.865,
            0.135
        ],
        [
            0.84,
            0.16
        ],
        [
            0.835,
            0.165
        ],
        [
            0.925,
            0.075
        ],
        [
            0.79,
            0.21
        ],
        [
            0.885,
            0.115
        ],
        [
            0.91,
            0.09
        ],
        [
            0.895,
            0.105
        ],
        [
            0.83,
            0.17
        ],
        [
            0.85,
            0.15
        ],
        [
            0.925,
            0.075
        ],
        [
            0.93,
            0.07
        ],
        [
            0.88,
            0.12
        ],
        [
            0.895,
            0.105
        ],
        [
            0.825,
            0.175
        ],
        [
            0.9,
            0.1
        ],
        [
            0.925,
            0.075
        ],
        [
            0.875,
            0.125
        ],
        [
            0.92,
            0.08
        ],
        [
            0.825,
            0.175
        ],
        [
            0.84,
            0.16
        ],
        [
            0.94,
            0.06
        ],
        [
            0.92,
            0.08
        ],
        [
            0.895,
            0.105
        ],
        [
            0.85,
            0.15
        ],
        [
            0.85,
            0.15
        ],
        [
            0.835,
            0.165
        ],
        [
            0.83,
            0.17
        ],
        [
            0.93,
            0.07
        ],
        [
            0.62,
            0.38
        ],
        [
            0.86,
            0.14
        ],
        [
            0.905,
            0.095
        ],
        [
            0.905,
            0.095
        ],
        [
            0.855,
            0.145
        ],
        [
            0.88,
            0.12
        ],
        [
            0.85,
            0.15
        ],
        [
            0.875,
            0.125
        ],
        [
            0.59,
            0.41
        ],
        [
            0.835,
            0.165
        ],
        [
            0.935,
            0.065
        ],
        [
            0.855,
            0.145
        ],
        [
            0.915,
            0.085
        ],
        [
            0.74,
            0.26
        ],
        [
            0.92,
            0.08
        ],
        [
            0.805,
            0.195
        ],
        [
            0.925,
            0.075
        ],
        [
            0.925,
            0.075
        ],
        [
            0.91,
            0.09
        ],
        [
            0.965,
            0.035
        ],
        [
            0.87,
            0.13
        ],
        [
            0.89,
            0.11
        ],
        [
            0.345,
            0.655
        ],
        [
            0.885,
            0.115
        ],
        [
            0.915,
            0.085
        ],
        [
            0.945,
            0.055
        ],
        [
            0.835,
            0.165
        ],
        [
            0.93,
            0.07
        ],
        [
            0.935,
            0.065
        ],
        [
            0.885,
            0.115
        ],
        [
            0.74,
            0.26
        ],
        [
            0.815,
            0.185
        ],
        [
            0.95,
            0.05
        ],
        [
            0.91,
            0.09
        ],
        [
            0.665,
            0.335
        ],
        [
            0.94,
            0.06
        ],
        [
            0.36,
            0.64
        ],
        [
            0.85,
            0.15
        ],
        [
            0.895,
            0.105
        ],
        [
            0.91,
            0.09
        ],
        [
            0.83,
            0.17
        ],
        [
            0.86,
            0.14
        ],
        [
            0.76,
            0.24
        ],
        [
            0.87,
            0.13
        ],
        [
            0.85,
            0.15
        ],
        [
            0.875,
            0.125
        ],
        [
            0.915,
            0.085
        ],
        [
            0.735,
            0.265
        ],
        [
            0.88,
            0.12
        ],
        [
            0.81,
            0.19
        ],
        [
            0.88,
            0.12
        ],
        [
            0.85,
            0.15
        ],
        [
            0.875,
            0.125
        ],
        [
            0.935,
            0.065
        ],
        [
            0.825,
            0.175
        ],
        [
            0.93,
            0.07
        ],
        [
            0.94,
            0.06
        ],
        [
            0.98,
            0.02
        ],
        [
            0.92,
            0.08
        ],
        [
            0.84,
            0.16
        ],
        [
            0.88,
            0.12
        ],
        [
            0.795,
            0.205
        ],
        [
            0.775,
            0.225
        ]
    ],
    "y_pred": [
        0,
        0,
        0,
        0,
        0,
        0,
        0,
        0,
        0,
        0,
        0,
        0,
        0,
        0,
        0,
        0,
        0,
        0,
        0,
        0,
        0,
        0,
        0,
        0,
        0,
        0,
        0,
        0,
        0,
        0,
        0,
        0,
        0,
        0,
        0,
        0,
        1,
        0,
        0,
        0,
        0,
        1,
        0,
        0,
        0,
        0,
        0,
        0,
        0,
        0,
        0,
        0,
        0,
        0,
        0,
        0,
        0,
        0,
        0,
        0,
        0,
        0,
        0,
        1,
        0,
        0,
        0,
        0,
        0,
        0,
        0,
        0,
        0,
        0,
        0,
        0,
        0,
        0,
        0,
        0,
        0,
        0,
        0,
        0,
        0,
        0,
        0,
        0,
        0,
        1,
        0,
        0,
        0,
        0,
        0,
        0,
        0,
        0,
        0,
        0,
        0,
        0,
        0,
        0,
        0,
        0,
        0,
        0,
        0,
        0,
        0,
        0,
        0,
        0,
        0,
        0,
        0,
        0,
        0,
        0,
        0,
        0,
        0,
        0,
        0,
        0,
        0,
        0,
        0,
        0,
        0,
        0,
        0,
        0,
        0,
        0,
        0,
        0,
        0,
        0,
        0,
        0,
        0,
        0,
        0,
        1,
        0,
        0,
        0,
        0,
        0,
        0,
        0,
        0,
        0,
        0,
        0,
        0,
        0,
        0,
        0,
        0,
        0,
        0,
        0,
        0,
        0,
        0,
        0,
        0,
        0,
        0,
        0,
        0,
        0,
        0,
        0,
        0,
        0,
        0,
        0,
        0,
        0,
        0,
        0,
        0,
        0,
        0,
        0,
        0,
        0,
        0,
        0,
        0,
        0,
        0,
        0,
        0,
        0,
        0,
        0,
        0,
        0,
        0,
        0,
        0,
        0,
        0,
        0,
        0,
        0,
        0,
        0,
        0,
        0,
        0,
        0,
        0,
        0,
        0,
        0,
        0,
        0,
        0,
        0,
        0,
        0,
        0,
        0,
        0,
        0,
        0,
        0,
        0,
        0,
        0,
        0,
        0,
        0,
        0,
        0,
        0,
        0,
        0,
        0,
        0,
        0,
        0,
        0,
        1,
        0,
        0,
        0,
        0,
        0,
        0,
        0,
        0,
        0,
        0,
        0,
        0,
        0,
        0,
        0,
        0,
        1,
        0,
        0,
        0,
        0,
        0,
        0,
        0,
        0,
        0,
        0,
        0,
        0,
        0,
        0,
        0,
        0,
        0,
        0,
        0,
        0,
        0,
        0,
        0,
        0,
        0,
        0,
        0,
        0,
        0,
        0,
        0,
        0,
        0,
        0,
        0,
        0,
        0,
        0,
        0,
        0,
        0,
        0,
        0,
        0,
        0,
        0,
        0,
        0,
        0,
        0,
        0,
        0,
        0,
        0,
        0,
        0,
        0,
        0,
        0,
        0,
        0,
        0,
        1,
        0,
        0,
        0,
        0,
        0,
        0,
        0,
        0,
        0,
        0,
        0,
        0,
        0,
        0,
        0,
        0,
        0,
        0,
        0,
        0,
        0,
        0,
        0,
        0,
        0,
        0,
        0,
        0,
        0,
        0,
        0,
        0,
        0,
        0,
        0,
        0,
        0,
        0,
        0,
        0,
        0,
        0,
        0,
        0,
        0,
        0,
        0,
        1,
        0,
        0,
        0,
        0,
        0,
        0,
        0,
        0,
        0,
        0,
        0,
        0,
        0,
        0,
        0,
        0,
        0,
        0,
        0,
        0,
        0,
        0,
        0,
        0,
        0,
        0,
        0,
        0,
        0,
        0,
        0,
        0,
        0,
        0,
        0,
        0,
        0,
        0,
        0,
        0,
        0,
        0,
        0,
        0,
        0,
        0,
        0,
        1,
        0,
        0,
        0,
        0,
        0,
        0,
        0,
        0,
        0,
        0,
        0,
        0,
        0,
        0,
        0,
        0,
        0,
        0,
        0,
        0,
        0,
        0,
        0,
        0,
        0,
        0,
        0,
        0,
        0,
        0,
        0,
        0,
        0,
        1,
        0,
        0,
        0,
        0,
        0,
        0,
        0,
        0,
        0,
        0,
        0,
        0,
        0,
        0,
        0,
        0,
        0,
        0,
        0,
        0,
        0,
        0,
        0,
        0,
        0,
        0,
        1,
        0,
        0,
        0,
        0,
        0,
        0,
        0,
        0,
        0,
        0,
        0,
        0,
        0,
        0,
        0,
        0,
        0,
        0,
        0,
        0,
        0,
        0,
        0,
        0,
        0,
        0,
        0,
        0,
        0,
        0,
        0,
        0,
        0,
        0,
        0,
        0,
        0,
        0,
        0,
        1,
        0,
        0,
        0,
        0,
        0,
        0,
        0,
        0,
        0,
        0,
        0,
        0,
        0,
        0,
        0,
        0,
        0,
        0,
        0,
        0,
        0,
        0,
        0,
        0,
        0,
        0,
        0,
        0,
        0,
        0,
        0,
        0,
        0,
        0,
        0,
        0,
        0,
        1,
        0,
        0,
        0,
        0,
        0,
        0,
        0,
        0,
        0,
        0,
        0,
        0,
        0,
        0,
        0,
        0,
        0,
        0,
        0,
        0,
        0,
        0,
        0,
        0,
        0,
        0,
        0,
        0,
        0,
        0,
        0,
        0,
        0,
        0,
        0,
        0,
        0,
        0,
        0,
        0,
        0,
        0,
        0,
        0,
        0,
        0,
        0,
        0,
        0,
        0,
        0,
        0,
        0,
        0,
        0,
        0,
        0,
        0,
        0,
        0,
        0,
        0,
        0,
        0,
        0,
        0,
        0,
        0,
        0,
        0,
        0,
        0,
        0,
        0,
        0,
        0,
        0,
        0,
        0,
        0,
        0,
        0,
        1,
        0,
        0,
        0,
        0,
        0,
        0,
        0,
        0,
        0,
        0,
        0,
        0,
        0,
        0,
        0,
        0,
        0,
        0,
        0,
        0,
        0,
        0,
        0,
        0,
        0,
        0,
        0,
        0,
        0,
        0,
        0,
        0,
        0,
        0,
        0,
        0,
        0,
        0,
        0,
        0,
        0,
        0,
        0,
        0,
        0,
        0,
        0,
        0,
        0,
        0,
        0,
        0,
        0,
        0,
        0,
        0,
        0,
        0,
        0,
        0,
        0,
        0,
        0,
        1,
        0,
        0,
        0,
        0,
        0,
        0,
        0,
        0,
        0,
        0,
        0,
        0,
        0,
        1,
        0,
        0,
        0,
        0,
        0,
        0,
        0,
        0,
        0,
        0,
        0,
        0,
        0,
        0,
        0,
        0,
        0,
        0,
        0,
        0,
        0,
        0,
        0,
        0,
        0,
        0
    ],
    "y_test": [
        0,
        0,
        0,
        0,
        0,
        0,
        0,
        0,
        1,
        0,
        0,
        1,
        0,
        0,
        1,
        0,
        0,
        0,
        0,
        0,
        1,
        0,
        0,
        0,
        0,
        0,
        0,
        1,
        0,
        0,
        0,
        0,
        0,
        0,
        1,
        0,
        1,
        0,
        0,
        0,
        0,
        1,
        1,
        0,
        0,
        0,
        1,
        0,
        0,
        0,
        1,
        0,
        0,
        0,
        0,
        1,
        1,
        0,
        0,
        0,
        0,
        0,
        1,
        1,
        0,
        0,
        0,
        0,
        0,
        1,
        0,
        0,
        0,
        0,
        0,
        0,
        0,
        0,
        0,
        0,
        0,
        0,
        0,
        0,
        0,
        1,
        1,
        0,
        0,
        1,
        0,
        0,
        1,
        0,
        0,
        0,
        0,
        0,
        0,
        0,
        0,
        0,
        1,
        0,
        0,
        0,
        0,
        0,
        1,
        0,
        0,
        0,
        0,
        0,
        0,
        0,
        0,
        1,
        0,
        0,
        1,
        0,
        0,
        0,
        0,
        0,
        0,
        0,
        0,
        0,
        0,
        0,
        0,
        0,
        0,
        0,
        0,
        0,
        0,
        1,
        0,
        0,
        0,
        0,
        0,
        1,
        0,
        0,
        0,
        0,
        0,
        0,
        0,
        0,
        0,
        0,
        0,
        0,
        0,
        1,
        0,
        0,
        0,
        0,
        0,
        0,
        0,
        1,
        1,
        0,
        1,
        0,
        1,
        0,
        0,
        0,
        0,
        1,
        0,
        0,
        0,
        0,
        0,
        0,
        0,
        0,
        0,
        0,
        1,
        0,
        0,
        0,
        0,
        0,
        1,
        0,
        0,
        0,
        0,
        0,
        0,
        0,
        0,
        1,
        0,
        0,
        0,
        0,
        0,
        0,
        0,
        0,
        0,
        1,
        0,
        1,
        0,
        0,
        0,
        0,
        0,
        0,
        0,
        0,
        0,
        0,
        0,
        0,
        0,
        0,
        0,
        1,
        0,
        0,
        0,
        0,
        0,
        0,
        0,
        0,
        0,
        0,
        0,
        0,
        0,
        0,
        0,
        0,
        0,
        1,
        0,
        0,
        1,
        1,
        0,
        0,
        0,
        0,
        1,
        0,
        0,
        0,
        0,
        0,
        1,
        0,
        1,
        1,
        0,
        0,
        0,
        0,
        0,
        0,
        1,
        0,
        0,
        0,
        0,
        0,
        0,
        0,
        0,
        1,
        0,
        0,
        0,
        1,
        0,
        0,
        0,
        0,
        1,
        0,
        0,
        0,
        0,
        0,
        0,
        0,
        0,
        0,
        0,
        0,
        0,
        0,
        0,
        0,
        0,
        0,
        0,
        0,
        0,
        0,
        0,
        0,
        0,
        0,
        1,
        0,
        0,
        0,
        0,
        0,
        0,
        0,
        0,
        0,
        0,
        1,
        0,
        0,
        0,
        0,
        0,
        0,
        0,
        0,
        0,
        0,
        0,
        0,
        0,
        1,
        0,
        0,
        0,
        0,
        0,
        0,
        1,
        0,
        0,
        1,
        0,
        0,
        0,
        1,
        1,
        0,
        0,
        0,
        0,
        0,
        0,
        0,
        0,
        0,
        0,
        0,
        0,
        0,
        0,
        0,
        0,
        0,
        0,
        1,
        0,
        0,
        0,
        0,
        0,
        0,
        0,
        1,
        1,
        0,
        0,
        0,
        0,
        0,
        1,
        0,
        0,
        0,
        0,
        0,
        0,
        0,
        0,
        1,
        0,
        0,
        0,
        0,
        0,
        0,
        0,
        1,
        0,
        0,
        0,
        0,
        1,
        0,
        0,
        0,
        0,
        0,
        0,
        1,
        0,
        0,
        0,
        1,
        0,
        0,
        0,
        0,
        0,
        0,
        0,
        0,
        0,
        0,
        0,
        0,
        0,
        1,
        1,
        0,
        0,
        0,
        0,
        0,
        1,
        0,
        0,
        0,
        0,
        1,
        0,
        1,
        0,
        0,
        0,
        0,
        0,
        1,
        0,
        0,
        0,
        1,
        1,
        0,
        0,
        0,
        0,
        0,
        0,
        1,
        0,
        0,
        0,
        0,
        0,
        1,
        0,
        0,
        0,
        0,
        0,
        1,
        0,
        0,
        1,
        0,
        0,
        0,
        1,
        0,
        0,
        0,
        0,
        0,
        0,
        0,
        0,
        0,
        0,
        0,
        0,
        1,
        0,
        0,
        0,
        0,
        1,
        0,
        0,
        0,
        0,
        1,
        0,
        1,
        0,
        0,
        0,
        1,
        1,
        1,
        0,
        0,
        0,
        0,
        1,
        0,
        0,
        0,
        0,
        0,
        0,
        0,
        1,
        0,
        0,
        0,
        0,
        0,
        0,
        0,
        0,
        0,
        0,
        0,
        0,
        0,
        0,
        0,
        0,
        0,
        1,
        0,
        0,
        0,
        0,
        0,
        1,
        0,
        0,
        0,
        1,
        1,
        1,
        0,
        1,
        0,
        0,
        0,
        0,
        0,
        0,
        0,
        0,
        1,
        0,
        0,
        1,
        0,
        0,
        0,
        0,
        1,
        0,
        0,
        0,
        0,
        0,
        0,
        0,
        0,
        0,
        0,
        0,
        1,
        0,
        0,
        0,
        0,
        0,
        0,
        0,
        0,
        0,
        1,
        0,
        0,
        1,
        0,
        1,
        0,
        0,
        0,
        0,
        0,
        0,
        0,
        0,
        0,
        0,
        0,
        0,
        0,
        0,
        0,
        0,
        0,
        0,
        0,
        0,
        0,
        0,
        0,
        0,
        0,
        0,
        1,
        1,
        0,
        0,
        0,
        1,
        0,
        0,
        0,
        0,
        1,
        1,
        1,
        0,
        0,
        0,
        0,
        0,
        0,
        0,
        0,
        0,
        0,
        0,
        0,
        0,
        1,
        1,
        0,
        0,
        0,
        0,
        0,
        0,
        0,
        0,
        0,
        0,
        0,
        0,
        0,
        0,
        0,
        0,
        0,
        1,
        0,
        0,
        0,
        1,
        0,
        0,
        1,
        0,
        0,
        0,
        0,
        0,
        0,
        0,
        1,
        0,
        0,
        0,
        0,
        0,
        0,
        1,
        0,
        0,
        0,
        0,
        0,
        0,
        1,
        1,
        0,
        0,
        0,
        0,
        0,
        0,
        0,
        0,
        0,
        0,
        1,
        0,
        1,
        0,
        0,
        0,
        1,
        1,
        1,
        0,
        0,
        1,
        0,
        1,
        0,
        0,
        0,
        0,
        0,
        0,
        0,
        0,
        1,
        0,
        0,
        0,
        0,
        0,
        0
    ],
    "accuracy": 0.8590425531914894,
    "auprc": 0.6400084531706937,
    "auroc": 0.8184109504052115
}