{
    "site": "DRIAMS-A",
    "seed": 545,
    "model": "rf",
    "antibiotic": "Tobramycin",
    "species": "Escherichia coli",
    "years": [
        "2015",
        "2016",
        "2017",
        "2018"
    ],
    "metadata_versions": {
        "2015_clean.csv": "d022b7aaae8f97f37ec499a0baa1d6428d83cf53",
        "2016_clean.csv": "b64ae1e31e21b47b929bac6d65809c2e4ef4ad41",
        "2017_clean.csv": "b4dbecce8033e52e32970c3e8652b9f6c7aa2bee",
        "2018_clean.csv": "fb9d669527d73d55719bf15d544620fbf45f1f2e"
    },
    "best_params": {
        "rf__bootstrap": false,
        "rf__criterion": "entropy",
        "rf__max_features": "auto",
        "rf__n_estimators": 200
    },
    "y_score": [
        [
            0.905,
            0.095
        ],
        [
            0.85,
            0.15
        ],
        [
            0.93,
            0.07
        ],
        [
            0.915,
            0.085
        ],
        [
            0.875,
            0.125
        ],
        [
            0.91,
            0.09
        ],
        [
            0.85,
            0.15
        ],
        [
            0.68,
            0.32
        ],
        [
            0.83,
            0.17
        ],
        [
            0.865,
            0.135
        ],
        [
            0.785,
            0.215
        ],
        [
            0.925,
            0.075
        ],
        [
            0.87,
            0.13
        ],
        [
            0.57,
            0.43
        ],
        [
            0.83,
            0.17
        ],
        [
            0.91,
            0.09
        ],
        [
            0.87,
            0.13
        ],
        [
            0.905,
            0.095
        ],
        [
            0.91,
            0.09
        ],
        [
            0.865,
            0.135
        ],
        [
            0.915,
            0.085
        ],
        [
            0.92,
            0.08
        ],
        [
            0.96,
            0.04
        ],
        [
            0.73,
            0.27
        ],
        [
            0.925,
            0.075
        ],
        [
            0.835,
            0.165
        ],
        [
            0.885,
            0.115
        ],
        [
            0.91,
            0.09
        ],
        [
            0.91,
            0.09
        ],
        [
            0.77,
            0.23
        ],
        [
            0.955,
            0.045
        ],
        [
            0.86,
            0.14
        ],
        [
            0.885,
            0.115
        ],
        [
            0.875,
            0.125
        ],
        [
            0.815,
            0.185
        ],
        [
            0.73,
            0.27
        ],
        [
            0.915,
            0.085
        ],
        [
            0.705,
            0.295
        ],
        [
            0.785,
            0.215
        ],
        [
            0.9,
            0.1
        ],
        [
            0.855,
            0.145
        ],
        [
            0.815,
            0.185
        ],
        [
            0.925,
            0.075
        ],
        [
            0.905,
            0.095
        ],
        [
            0.84,
            0.16
        ],
        [
            0.875,
            0.125
        ],
        [
            0.75,
            0.25
        ],
        [
            0.9,
            0.1
        ],
        [
            0.8,
            0.2
        ],
        [
            0.82,
            0.18
        ],
        [
            0.905,
            0.095
        ],
        [
            0.925,
            0.075
        ],
        [
            0.835,
            0.165
        ],
        [
            0.905,
            0.095
        ],
        [
            0.855,
            0.145
        ],
        [
            0.76,
            0.24
        ],
        [
            0.735,
            0.265
        ],
        [
            0.885,
            0.115
        ],
        [
            0.955,
            0.045
        ],
        [
            0.845,
            0.155
        ],
        [
            0.895,
            0.105
        ],
        [
            0.88,
            0.12
        ],
        [
            0.89,
            0.11
        ],
        [
            0.93,
            0.07
        ],
        [
            0.925,
            0.075
        ],
        [
            0.965,
            0.035
        ],
        [
            0.86,
            0.14
        ],
        [
            0.9,
            0.1
        ],
        [
            0.875,
            0.125
        ],
        [
            0.88,
            0.12
        ],
        [
            0.88,
            0.12
        ],
        [
            0.855,
            0.145
        ],
        [
            0.87,
            0.13
        ],
        [
            0.86,
            0.14
        ],
        [
            0.965,
            0.035
        ],
        [
            0.885,
            0.115
        ],
        [
            0.9,
            0.1
        ],
        [
            0.92,
            0.08
        ],
        [
            0.855,
            0.145
        ],
        [
            0.9,
            0.1
        ],
        [
            0.86,
            0.14
        ],
        [
            0.9,
            0.1
        ],
        [
            0.845,
            0.155
        ],
        [
            0.865,
            0.135
        ],
        [
            0.935,
            0.065
        ],
        [
            0.945,
            0.055
        ],
        [
            0.93,
            0.07
        ],
        [
            0.81,
            0.19
        ],
        [
            0.91,
            0.09
        ],
        [
            0.865,
            0.135
        ],
        [
            0.915,
            0.085
        ],
        [
            0.88,
            0.12
        ],
        [
            0.98,
            0.02
        ],
        [
            0.835,
            0.165
        ],
        [
            0.79,
            0.21
        ],
        [
            0.95,
            0.05
        ],
        [
            0.865,
            0.135
        ],
        [
            0.85,
            0.15
        ],
        [
            0.955,
            0.045
        ],
        [
            0.785,
            0.215
        ],
        [
            0.805,
            0.195
        ],
        [
            0.805,
            0.195
        ],
        [
            0.93,
            0.07
        ],
        [
            0.76,
            0.24
        ],
        [
            0.92,
            0.08
        ],
        [
            0.8,
            0.2
        ],
        [
            0.96,
            0.04
        ],
        [
            0.96,
            0.04
        ],
        [
            0.925,
            0.075
        ],
        [
            0.785,
            0.215
        ],
        [
            0.94,
            0.06
        ],
        [
            0.915,
            0.085
        ],
        [
            0.895,
            0.105
        ],
        [
            0.92,
            0.08
        ],
        [
            0.77,
            0.23
        ],
        [
            0.835,
            0.165
        ],
        [
            0.92,
            0.08
        ],
        [
            0.83,
            0.17
        ],
        [
            0.875,
            0.125
        ],
        [
            0.98,
            0.02
        ],
        [
            0.825,
            0.175
        ],
        [
            0.795,
            0.205
        ],
        [
            0.91,
            0.09
        ],
        [
            0.86,
            0.14
        ],
        [
            0.89,
            0.11
        ],
        [
            0.915,
            0.085
        ],
        [
            0.855,
            0.145
        ],
        [
            0.885,
            0.115
        ],
        [
            0.93,
            0.07
        ],
        [
            0.915,
            0.085
        ],
        [
            0.9,
            0.1
        ],
        [
            0.86,
            0.14
        ],
        [
            0.725,
            0.275
        ],
        [
            0.91,
            0.09
        ],
        [
            0.79,
            0.21
        ],
        [
            0.87,
            0.13
        ],
        [
            0.905,
            0.095
        ],
        [
            0.895,
            0.105
        ],
        [
            0.77,
            0.23
        ],
        [
            0.91,
            0.09
        ],
        [
            0.835,
            0.165
        ],
        [
            0.91,
            0.09
        ],
        [
            0.855,
            0.145
        ],
        [
            0.9,
            0.1
        ],
        [
            0.92,
            0.08
        ],
        [
            0.885,
            0.115
        ],
        [
            0.9,
            0.1
        ],
        [
            0.855,
            0.145
        ],
        [
            0.85,
            0.15
        ],
        [
            0.96,
            0.04
        ],
        [
            0.7,
            0.3
        ],
        [
            0.875,
            0.125
        ],
        [
            0.755,
            0.245
        ],
        [
            0.83,
            0.17
        ],
        [
            0.92,
            0.08
        ],
        [
            0.855,
            0.145
        ],
        [
            0.88,
            0.12
        ],
        [
            0.865,
            0.135
        ],
        [
            0.845,
            0.155
        ],
        [
            0.855,
            0.145
        ],
        [
            0.86,
            0.14
        ],
        [
            0.69,
            0.31
        ],
        [
            0.775,
            0.225
        ],
        [
            0.88,
            0.12
        ],
        [
            0.905,
            0.095
        ],
        [
            0.9,
            0.1
        ],
        [
            0.9,
            0.1
        ],
        [
            0.87,
            0.13
        ],
        [
            0.87,
            0.13
        ],
        [
            0.86,
            0.14
        ],
        [
            0.915,
            0.085
        ],
        [
            0.885,
            0.115
        ],
        [
            0.91,
            0.09
        ],
        [
            0.905,
            0.095
        ],
        [
            0.92,
            0.08
        ],
        [
            0.91,
            0.09
        ],
        [
            0.91,
            0.09
        ],
        [
            0.905,
            0.095
        ],
        [
            0.94,
            0.06
        ],
        [
            0.9,
            0.1
        ],
        [
            0.84,
            0.16
        ],
        [
            0.85,
            0.15
        ],
        [
            0.815,
            0.185
        ],
        [
            0.88,
            0.12
        ],
        [
            0.915,
            0.085
        ],
        [
            0.95,
            0.05
        ],
        [
            0.87,
            0.13
        ],
        [
            0.895,
            0.105
        ],
        [
            0.89,
            0.11
        ],
        [
            0.89,
            0.11
        ],
        [
            0.86,
            0.14
        ],
        [
            0.94,
            0.06
        ],
        [
            0.93,
            0.07
        ],
        [
            0.845,
            0.155
        ],
        [
            0.925,
            0.075
        ],
        [
            0.96,
            0.04
        ],
        [
            0.845,
            0.155
        ],
        [
            0.9,
            0.1
        ],
        [
            0.87,
            0.13
        ],
        [
            0.96,
            0.04
        ],
        [
            0.865,
            0.135
        ],
        [
            0.91,
            0.09
        ],
        [
            0.92,
            0.08
        ],
        [
            0.895,
            0.105
        ],
        [
            0.875,
            0.125
        ],
        [
            0.845,
            0.155
        ],
        [
            0.88,
            0.12
        ],
        [
            0.885,
            0.115
        ],
        [
            0.9,
            0.1
        ],
        [
            0.965,
            0.035
        ],
        [
            0.86,
            0.14
        ],
        [
            0.94,
            0.06
        ],
        [
            0.925,
            0.075
        ],
        [
            0.885,
            0.115
        ],
        [
            0.885,
            0.115
        ],
        [
            0.92,
            0.08
        ],
        [
            0.915,
            0.085
        ],
        [
            0.915,
            0.085
        ],
        [
            0.925,
            0.075
        ],
        [
            0.905,
            0.095
        ],
        [
            0.93,
            0.07
        ],
        [
            0.92,
            0.08
        ],
        [
            0.94,
            0.06
        ],
        [
            0.895,
            0.105
        ],
        [
            0.855,
            0.145
        ],
        [
            0.97,
            0.03
        ],
        [
            0.905,
            0.095
        ],
        [
            0.9,
            0.1
        ],
        [
            0.88,
            0.12
        ],
        [
            0.91,
            0.09
        ],
        [
            0.965,
            0.035
        ],
        [
            0.825,
            0.175
        ],
        [
            0.92,
            0.08
        ],
        [
            0.9,
            0.1
        ],
        [
            0.785,
            0.215
        ],
        [
            0.93,
            0.07
        ],
        [
            0.86,
            0.14
        ],
        [
            0.89,
            0.11
        ],
        [
            0.875,
            0.125
        ],
        [
            0.87,
            0.13
        ],
        [
            0.92,
            0.08
        ],
        [
            0.915,
            0.085
        ],
        [
            0.875,
            0.125
        ],
        [
            0.785,
            0.215
        ],
        [
            0.915,
            0.085
        ],
        [
            0.945,
            0.055
        ],
        [
            0.82,
            0.18
        ],
        [
            0.95,
            0.05
        ],
        [
            0.92,
            0.08
        ],
        [
            0.91,
            0.09
        ],
        [
            0.8,
            0.2
        ],
        [
            0.87,
            0.13
        ],
        [
            0.915,
            0.085
        ],
        [
            0.655,
            0.345
        ],
        [
            0.88,
            0.12
        ],
        [
            0.975,
            0.025
        ],
        [
            0.845,
            0.155
        ],
        [
            0.81,
            0.19
        ],
        [
            0.91,
            0.09
        ],
        [
            0.945,
            0.055
        ],
        [
            0.925,
            0.075
        ],
        [
            0.875,
            0.125
        ],
        [
            0.93,
            0.07
        ],
        [
            0.855,
            0.145
        ],
        [
            0.92,
            0.08
        ],
        [
            0.935,
            0.065
        ],
        [
            0.875,
            0.125
        ],
        [
            0.88,
            0.12
        ],
        [
            0.925,
            0.075
        ],
        [
            0.885,
            0.115
        ],
        [
            0.975,
            0.025
        ],
        [
            0.925,
            0.075
        ],
        [
            0.83,
            0.17
        ],
        [
            0.815,
            0.185
        ],
        [
            0.88,
            0.12
        ],
        [
            0.9,
            0.1
        ],
        [
            0.87,
            0.13
        ],
        [
            0.675,
            0.325
        ],
        [
            0.9,
            0.1
        ],
        [
            0.915,
            0.085
        ],
        [
            0.78,
            0.22
        ],
        [
            0.92,
            0.08
        ],
        [
            0.915,
            0.085
        ],
        [
            0.825,
            0.175
        ],
        [
            0.875,
            0.125
        ],
        [
            0.965,
            0.035
        ],
        [
            0.955,
            0.045
        ],
        [
            0.885,
            0.115
        ],
        [
            0.84,
            0.16
        ],
        [
            0.915,
            0.085
        ],
        [
            0.855,
            0.145
        ],
        [
            0.855,
            0.145
        ],
        [
            0.875,
            0.125
        ],
        [
            0.93,
            0.07
        ],
        [
            0.84,
            0.16
        ],
        [
            0.88,
            0.12
        ],
        [
            0.82,
            0.18
        ],
        [
            0.95,
            0.05
        ],
        [
            0.925,
            0.075
        ],
        [
            0.865,
            0.135
        ],
        [
            0.82,
            0.18
        ],
        [
            0.79,
            0.21
        ],
        [
            0.885,
            0.115
        ],
        [
            0.925,
            0.075
        ],
        [
            0.915,
            0.085
        ],
        [
            0.635,
            0.365
        ],
        [
            0.9,
            0.1
        ],
        [
            0.91,
            0.09
        ],
        [
            0.87,
            0.13
        ],
        [
            0.875,
            0.125
        ],
        [
            0.705,
            0.295
        ],
        [
            0.965,
            0.035
        ],
        [
            0.92,
            0.08
        ],
        [
            0.855,
            0.145
        ],
        [
            0.915,
            0.085
        ],
        [
            0.865,
            0.135
        ],
        [
            0.845,
            0.155
        ],
        [
            0.8,
            0.2
        ],
        [
            0.9,
            0.1
        ],
        [
            0.86,
            0.14
        ],
        [
            0.885,
            0.115
        ],
        [
            0.955,
            0.045
        ],
        [
            0.94,
            0.06
        ],
        [
            0.86,
            0.14
        ],
        [
            0.82,
            0.18
        ],
        [
            0.87,
            0.13
        ],
        [
            0.89,
            0.11
        ],
        [
            0.875,
            0.125
        ],
        [
            0.84,
            0.16
        ],
        [
            0.93,
            0.07
        ],
        [
            0.905,
            0.095
        ],
        [
            0.925,
            0.075
        ],
        [
            0.885,
            0.115
        ],
        [
            0.745,
            0.255
        ],
        [
            0.905,
            0.095
        ],
        [
            0.89,
            0.11
        ],
        [
            0.86,
            0.14
        ],
        [
            0.885,
            0.115
        ],
        [
            0.93,
            0.07
        ],
        [
            0.945,
            0.055
        ],
        [
            0.945,
            0.055
        ],
        [
            0.885,
            0.115
        ],
        [
            0.89,
            0.11
        ],
        [
            0.9,
            0.1
        ],
        [
            0.8,
            0.2
        ],
        [
            0.92,
            0.08
        ],
        [
            0.945,
            0.055
        ],
        [
            0.915,
            0.085
        ],
        [
            0.91,
            0.09
        ],
        [
            0.87,
            0.13
        ],
        [
            0.83,
            0.17
        ],
        [
            0.855,
            0.145
        ],
        [
            0.86,
            0.14
        ],
        [
            0.905,
            0.095
        ],
        [
            0.945,
            0.055
        ],
        [
            0.67,
            0.33
        ],
        [
            0.74,
            0.26
        ],
        [
            0.62,
            0.38
        ],
        [
            0.88,
            0.12
        ],
        [
            0.915,
            0.085
        ],
        [
            0.905,
            0.095
        ],
        [
            0.915,
            0.085
        ],
        [
            0.935,
            0.065
        ],
        [
            0.89,
            0.11
        ],
        [
            0.86,
            0.14
        ],
        [
            0.895,
            0.105
        ],
        [
            0.885,
            0.115
        ],
        [
            0.88,
            0.12
        ],
        [
            0.94,
            0.06
        ],
        [
            0.965,
            0.035
        ],
        [
            0.865,
            0.135
        ],
        [
            0.845,
            0.155
        ],
        [
            0.9,
            0.1
        ],
        [
            0.905,
            0.095
        ],
        [
            0.915,
            0.085
        ],
        [
            0.85,
            0.15
        ],
        [
            0.91,
            0.09
        ],
        [
            0.76,
            0.24
        ],
        [
            0.935,
            0.065
        ],
        [
            0.895,
            0.105
        ],
        [
            0.86,
            0.14
        ],
        [
            0.875,
            0.125
        ],
        [
            0.905,
            0.095
        ],
        [
            0.945,
            0.055
        ],
        [
            0.9,
            0.1
        ],
        [
            0.945,
            0.055
        ],
        [
            0.87,
            0.13
        ],
        [
            0.945,
            0.055
        ],
        [
            0.875,
            0.125
        ],
        [
            0.905,
            0.095
        ],
        [
            0.925,
            0.075
        ],
        [
            0.875,
            0.125
        ],
        [
            0.92,
            0.08
        ],
        [
            0.93,
            0.07
        ],
        [
            0.88,
            0.12
        ],
        [
            0.815,
            0.185
        ],
        [
            0.9,
            0.1
        ],
        [
            0.82,
            0.18
        ],
        [
            0.76,
            0.24
        ],
        [
            0.885,
            0.115
        ],
        [
            0.905,
            0.095
        ],
        [
            0.835,
            0.165
        ],
        [
            0.935,
            0.065
        ],
        [
            0.935,
            0.065
        ],
        [
            0.77,
            0.23
        ],
        [
            0.94,
            0.06
        ],
        [
            0.805,
            0.195
        ],
        [
            0.895,
            0.105
        ],
        [
            0.9,
            0.1
        ],
        [
            0.845,
            0.155
        ],
        [
            0.895,
            0.105
        ],
        [
            0.9,
            0.1
        ],
        [
            0.945,
            0.055
        ],
        [
            0.775,
            0.225
        ],
        [
            0.735,
            0.265
        ],
        [
            0.875,
            0.125
        ],
        [
            0.915,
            0.085
        ],
        [
            0.93,
            0.07
        ],
        [
            0.84,
            0.16
        ],
        [
            0.94,
            0.06
        ],
        [
            0.66,
            0.34
        ],
        [
            0.95,
            0.05
        ],
        [
            0.825,
            0.175
        ],
        [
            0.86,
            0.14
        ],
        [
            0.895,
            0.105
        ],
        [
            0.855,
            0.145
        ],
        [
            0.9,
            0.1
        ],
        [
            0.925,
            0.075
        ],
        [
            0.86,
            0.14
        ],
        [
            0.965,
            0.035
        ],
        [
            0.9,
            0.1
        ],
        [
            0.91,
            0.09
        ],
        [
            0.93,
            0.07
        ],
        [
            0.905,
            0.095
        ],
        [
            0.96,
            0.04
        ],
        [
            0.92,
            0.08
        ],
        [
            0.93,
            0.07
        ],
        [
            0.92,
            0.08
        ],
        [
            0.94,
            0.06
        ],
        [
            0.915,
            0.085
        ],
        [
            0.955,
            0.045
        ],
        [
            0.875,
            0.125
        ],
        [
            0.8,
            0.2
        ],
        [
            0.9,
            0.1
        ],
        [
            0.84,
            0.16
        ],
        [
            0.875,
            0.125
        ],
        [
            0.92,
            0.08
        ],
        [
            0.88,
            0.12
        ],
        [
            0.92,
            0.08
        ],
        [
            0.875,
            0.125
        ],
        [
            0.765,
            0.235
        ],
        [
            0.795,
            0.205
        ],
        [
            0.925,
            0.075
        ],
        [
            0.865,
            0.135
        ],
        [
            0.91,
            0.09
        ],
        [
            0.94,
            0.06
        ],
        [
            0.915,
            0.085
        ],
        [
            0.935,
            0.065
        ],
        [
            0.94,
            0.06
        ],
        [
            0.815,
            0.185
        ],
        [
            0.9,
            0.1
        ],
        [
            0.935,
            0.065
        ],
        [
            0.91,
            0.09
        ],
        [
            0.87,
            0.13
        ],
        [
            0.88,
            0.12
        ],
        [
            0.94,
            0.06
        ],
        [
            0.86,
            0.14
        ],
        [
            0.955,
            0.045
        ],
        [
            0.905,
            0.095
        ],
        [
            0.92,
            0.08
        ],
        [
            0.7,
            0.3
        ],
        [
            0.765,
            0.235
        ],
        [
            0.86,
            0.14
        ],
        [
            0.885,
            0.115
        ],
        [
            0.845,
            0.155
        ],
        [
            0.97,
            0.03
        ],
        [
            0.9,
            0.1
        ],
        [
            0.925,
            0.075
        ],
        [
            0.92,
            0.08
        ],
        [
            0.975,
            0.025
        ],
        [
            0.83,
            0.17
        ],
        [
            0.825,
            0.175
        ],
        [
            0.94,
            0.06
        ],
        [
            0.825,
            0.175
        ],
        [
            0.905,
            0.095
        ],
        [
            0.935,
            0.065
        ],
        [
            0.97,
            0.03
        ],
        [
            0.82,
            0.18
        ],
        [
            0.895,
            0.105
        ],
        [
            0.795,
            0.205
        ],
        [
            0.915,
            0.085
        ],
        [
            0.94,
            0.06
        ],
        [
            0.875,
            0.125
        ],
        [
            0.845,
            0.155
        ],
        [
            0.91,
            0.09
        ],
        [
            0.925,
            0.075
        ],
        [
            0.905,
            0.095
        ],
        [
            0.79,
            0.21
        ],
        [
            0.9,
            0.1
        ],
        [
            0.815,
            0.185
        ],
        [
            0.905,
            0.095
        ],
        [
            0.895,
            0.105
        ],
        [
            0.91,
            0.09
        ],
        [
            0.94,
            0.06
        ],
        [
            0.93,
            0.07
        ],
        [
            0.935,
            0.065
        ],
        [
            0.625,
            0.375
        ],
        [
            0.89,
            0.11
        ],
        [
            0.895,
            0.105
        ],
        [
            0.9,
            0.1
        ],
        [
            0.855,
            0.145
        ],
        [
            0.85,
            0.15
        ],
        [
            0.925,
            0.075
        ],
        [
            0.885,
            0.115
        ],
        [
            0.905,
            0.095
        ],
        [
            0.905,
            0.095
        ],
        [
            0.64,
            0.36
        ],
        [
            0.9,
            0.1
        ],
        [
            0.905,
            0.095
        ],
        [
            0.825,
            0.175
        ],
        [
            0.905,
            0.095
        ],
        [
            0.88,
            0.12
        ],
        [
            0.89,
            0.11
        ],
        [
            0.825,
            0.175
        ],
        [
            0.84,
            0.16
        ],
        [
            0.855,
            0.145
        ],
        [
            0.92,
            0.08
        ],
        [
            0.905,
            0.095
        ],
        [
            0.88,
            0.12
        ],
        [
            0.895,
            0.105
        ],
        [
            0.94,
            0.06
        ],
        [
            0.935,
            0.065
        ],
        [
            0.925,
            0.075
        ],
        [
            0.85,
            0.15
        ],
        [
            0.865,
            0.135
        ],
        [
            0.855,
            0.145
        ],
        [
            0.92,
            0.08
        ],
        [
            0.91,
            0.09
        ],
        [
            0.81,
            0.19
        ],
        [
            0.86,
            0.14
        ],
        [
            0.84,
            0.16
        ],
        [
            0.9,
            0.1
        ],
        [
            0.92,
            0.08
        ],
        [
            0.955,
            0.045
        ],
        [
            0.935,
            0.065
        ],
        [
            0.815,
            0.185
        ],
        [
            0.885,
            0.115
        ],
        [
            0.895,
            0.105
        ],
        [
            0.69,
            0.31
        ],
        [
            0.93,
            0.07
        ],
        [
            0.865,
            0.135
        ],
        [
            0.905,
            0.095
        ],
        [
            0.945,
            0.055
        ],
        [
            0.905,
            0.095
        ],
        [
            0.915,
            0.085
        ],
        [
            0.845,
            0.155
        ],
        [
            0.91,
            0.09
        ],
        [
            0.89,
            0.11
        ],
        [
            0.825,
            0.175
        ],
        [
            0.865,
            0.135
        ],
        [
            0.89,
            0.11
        ],
        [
            0.825,
            0.175
        ],
        [
            0.845,
            0.155
        ],
        [
            0.845,
            0.155
        ],
        [
            0.925,
            0.075
        ],
        [
            0.93,
            0.07
        ],
        [
            0.915,
            0.085
        ],
        [
            0.88,
            0.12
        ],
        [
            0.795,
            0.205
        ],
        [
            0.87,
            0.13
        ],
        [
            0.835,
            0.165
        ],
        [
            0.845,
            0.155
        ],
        [
            0.885,
            0.115
        ],
        [
            0.875,
            0.125
        ],
        [
            0.835,
            0.165
        ],
        [
            0.83,
            0.17
        ],
        [
            0.895,
            0.105
        ],
        [
            0.875,
            0.125
        ],
        [
            0.855,
            0.145
        ],
        [
            0.89,
            0.11
        ],
        [
            0.89,
            0.11
        ],
        [
            0.885,
            0.115
        ],
        [
            0.92,
            0.08
        ],
        [
            0.89,
            0.11
        ],
        [
            0.825,
            0.175
        ],
        [
            0.835,
            0.165
        ],
        [
            0.84,
            0.16
        ],
        [
            0.89,
            0.11
        ],
        [
            0.92,
            0.08
        ],
        [
            0.835,
            0.165
        ],
        [
            0.89,
            0.11
        ],
        [
            0.93,
            0.07
        ],
        [
            0.905,
            0.095
        ],
        [
            0.905,
            0.095
        ],
        [
            0.905,
            0.095
        ],
        [
            0.9,
            0.1
        ],
        [
            0.915,
            0.085
        ],
        [
            0.905,
            0.095
        ],
        [
            0.9,
            0.1
        ],
        [
            0.85,
            0.15
        ],
        [
            0.82,
            0.18
        ],
        [
            0.815,
            0.185
        ],
        [
            0.755,
            0.245
        ],
        [
            0.93,
            0.07
        ],
        [
            0.865,
            0.135
        ],
        [
            0.875,
            0.125
        ],
        [
            0.875,
            0.125
        ],
        [
            0.86,
            0.14
        ],
        [
            0.83,
            0.17
        ],
        [
            0.905,
            0.095
        ],
        [
            0.91,
            0.09
        ],
        [
            0.87,
            0.13
        ],
        [
            0.875,
            0.125
        ],
        [
            0.875,
            0.125
        ],
        [
            0.875,
            0.125
        ],
        [
            0.865,
            0.135
        ],
        [
            0.865,
            0.135
        ],
        [
            0.685,
            0.315
        ],
        [
            0.725,
            0.275
        ],
        [
            0.92,
            0.08
        ],
        [
            0.895,
            0.105
        ],
        [
            0.895,
            0.105
        ],
        [
            0.915,
            0.085
        ],
        [
            0.84,
            0.16
        ],
        [
            0.895,
            0.105
        ],
        [
            0.815,
            0.185
        ],
        [
            0.92,
            0.08
        ],
        [
            0.965,
            0.035
        ],
        [
            0.93,
            0.07
        ],
        [
            0.9,
            0.1
        ],
        [
            0.95,
            0.05
        ],
        [
            0.91,
            0.09
        ],
        [
            0.88,
            0.12
        ],
        [
            0.86,
            0.14
        ],
        [
            0.95,
            0.05
        ],
        [
            0.84,
            0.16
        ],
        [
            0.895,
            0.105
        ],
        [
            0.865,
            0.135
        ],
        [
            0.87,
            0.13
        ],
        [
            0.915,
            0.085
        ],
        [
            0.93,
            0.07
        ],
        [
            0.86,
            0.14
        ],
        [
            0.835,
            0.165
        ],
        [
            0.9,
            0.1
        ],
        [
            0.88,
            0.12
        ],
        [
            0.91,
            0.09
        ],
        [
            0.885,
            0.115
        ],
        [
            0.8,
            0.2
        ],
        [
            0.925,
            0.075
        ],
        [
            0.83,
            0.17
        ],
        [
            0.94,
            0.06
        ],
        [
            0.955,
            0.045
        ],
        [
            0.775,
            0.225
        ],
        [
            0.945,
            0.055
        ],
        [
            0.905,
            0.095
        ],
        [
            0.88,
            0.12
        ],
        [
            0.74,
            0.26
        ],
        [
            0.925,
            0.075
        ],
        [
            0.905,
            0.095
        ],
        [
            0.905,
            0.095
        ],
        [
            0.86,
            0.14
        ],
        [
            0.95,
            0.05
        ],
        [
            0.745,
            0.255
        ],
        [
            0.945,
            0.055
        ],
        [
            0.945,
            0.055
        ],
        [
            0.89,
            0.11
        ],
        [
            0.925,
            0.075
        ],
        [
            0.9,
            0.1
        ],
        [
            0.91,
            0.09
        ],
        [
            0.905,
            0.095
        ],
        [
            0.93,
            0.07
        ],
        [
            0.935,
            0.065
        ],
        [
            0.945,
            0.055
        ],
        [
            0.87,
            0.13
        ],
        [
            0.84,
            0.16
        ],
        [
            0.795,
            0.205
        ],
        [
            0.92,
            0.08
        ],
        [
            0.905,
            0.095
        ],
        [
            0.8,
            0.2
        ],
        [
            0.88,
            0.12
        ],
        [
            0.915,
            0.085
        ],
        [
            0.895,
            0.105
        ],
        [
            0.86,
            0.14
        ],
        [
            0.955,
            0.045
        ],
        [
            0.865,
            0.135
        ],
        [
            0.895,
            0.105
        ],
        [
            0.875,
            0.125
        ],
        [
            0.875,
            0.125
        ],
        [
            0.89,
            0.11
        ],
        [
            0.94,
            0.06
        ],
        [
            0.895,
            0.105
        ],
        [
            0.9,
            0.1
        ],
        [
            0.86,
            0.14
        ],
        [
            0.84,
            0.16
        ],
        [
            0.795,
            0.205
        ],
        [
            0.87,
            0.13
        ],
        [
            0.825,
            0.175
        ],
        [
            0.805,
            0.195
        ],
        [
            0.94,
            0.06
        ],
        [
            0.83,
            0.17
        ],
        [
            0.845,
            0.155
        ],
        [
            0.82,
            0.18
        ],
        [
            0.945,
            0.055
        ],
        [
            0.885,
            0.115
        ],
        [
            0.81,
            0.19
        ],
        [
            0.93,
            0.07
        ],
        [
            0.86,
            0.14
        ],
        [
            0.895,
            0.105
        ],
        [
            0.915,
            0.085
        ],
        [
            0.87,
            0.13
        ],
        [
            0.885,
            0.115
        ],
        [
            0.91,
            0.09
        ],
        [
            0.89,
            0.11
        ],
        [
            0.92,
            0.08
        ],
        [
            0.94,
            0.06
        ],
        [
            0.9,
            0.1
        ],
        [
            0.83,
            0.17
        ],
        [
            0.805,
            0.195
        ],
        [
            0.875,
            0.125
        ],
        [
            0.835,
            0.165
        ],
        [
            0.915,
            0.085
        ],
        [
            0.9,
            0.1
        ],
        [
            0.84,
            0.16
        ],
        [
            0.91,
            0.09
        ],
        [
            0.94,
            0.06
        ],
        [
            0.87,
            0.13
        ],
        [
            0.89,
            0.11
        ],
        [
            0.85,
            0.15
        ],
        [
            0.885,
            0.115
        ],
        [
            0.895,
            0.105
        ],
        [
            0.895,
            0.105
        ],
        [
            0.965,
            0.035
        ],
        [
            0.845,
            0.155
        ],
        [
            0.9,
            0.1
        ],
        [
            0.905,
            0.095
        ],
        [
            0.875,
            0.125
        ],
        [
            0.895,
            0.105
        ],
        [
            0.885,
            0.115
        ],
        [
            0.865,
            0.135
        ],
        [
            0.875,
            0.125
        ],
        [
            0.865,
            0.135
        ],
        [
            0.925,
            0.075
        ],
        [
            0.87,
            0.13
        ],
        [
            0.745,
            0.255
        ],
        [
            0.895,
            0.105
        ],
        [
            0.8,
            0.2
        ],
        [
            0.875,
            0.125
        ],
        [
            0.93,
            0.07
        ],
        [
            0.91,
            0.09
        ],
        [
            0.845,
            0.155
        ],
        [
            0.965,
            0.035
        ],
        [
            0.92,
            0.08
        ],
        [
            0.83,
            0.17
        ],
        [
            0.92,
            0.08
        ],
        [
            0.93,
            0.07
        ],
        [
            0.815,
            0.185
        ],
        [
            0.755,
            0.245
        ],
        [
            0.88,
            0.12
        ],
        [
            0.93,
            0.07
        ],
        [
            0.91,
            0.09
        ],
        [
            0.91,
            0.09
        ],
        [
            0.94,
            0.06
        ],
        [
            0.895,
            0.105
        ],
        [
            0.895,
            0.105
        ],
        [
            0.915,
            0.085
        ],
        [
            0.89,
            0.11
        ],
        [
            0.645,
            0.355
        ],
        [
            0.865,
            0.135
        ],
        [
            0.865,
            0.135
        ],
        [
            0.845,
            0.155
        ],
        [
            0.89,
            0.11
        ],
        [
            0.855,
            0.145
        ],
        [
            0.95,
            0.05
        ],
        [
            0.95,
            0.05
        ],
        [
            0.895,
            0.105
        ],
        [
            0.895,
            0.105
        ],
        [
            0.935,
            0.065
        ],
        [
            0.875,
            0.125
        ],
        [
            0.87,
            0.13
        ],
        [
            0.85,
            0.15
        ],
        [
            0.895,
            0.105
        ],
        [
            0.895,
            0.105
        ],
        [
            0.835,
            0.165
        ],
        [
            0.83,
            0.17
        ],
        [
            0.86,
            0.14
        ],
        [
            0.895,
            0.105
        ],
        [
            0.87,
            0.13
        ],
        [
            0.91,
            0.09
        ],
        [
            0.86,
            0.14
        ],
        [
            0.92,
            0.08
        ],
        [
            0.81,
            0.19
        ],
        [
            0.845,
            0.155
        ],
        [
            0.865,
            0.135
        ],
        [
            0.915,
            0.085
        ],
        [
            0.835,
            0.165
        ],
        [
            0.88,
            0.12
        ],
        [
            0.875,
            0.125
        ],
        [
            0.885,
            0.115
        ],
        [
            0.895,
            0.105
        ],
        [
            0.915,
            0.085
        ],
        [
            0.93,
            0.07
        ],
        [
            0.9,
            0.1
        ],
        [
            0.89,
            0.11
        ],
        [
            0.705,
            0.295
        ],
        [
            0.94,
            0.06
        ],
        [
            0.82,
            0.18
        ],
        [
            0.9,
            0.1
        ],
        [
            0.915,
            0.085
        ],
        [
            0.875,
            0.125
        ],
        [
            0.875,
            0.125
        ],
        [
            0.935,
            0.065
        ],
        [
            0.9,
            0.1
        ],
        [
            0.935,
            0.065
        ],
        [
            0.875,
            0.125
        ],
        [
            0.92,
            0.08
        ],
        [
            0.865,
            0.135
        ],
        [
            0.9,
            0.1
        ],
        [
            0.885,
            0.115
        ],
        [
            0.82,
            0.18
        ],
        [
            0.895,
            0.105
        ],
        [
            0.91,
            0.09
        ],
        [
            0.755,
            0.245
        ],
        [
            0.9,
            0.1
        ],
        [
            0.875,
            0.125
        ],
        [
            0.84,
            0.16
        ],
        [
            0.88,
            0.12
        ],
        [
            0.655,
            0.345
        ],
        [
            0.95,
            0.05
        ],
        [
            0.91,
            0.09
        ],
        [
            0.85,
            0.15
        ],
        [
            0.63,
            0.37
        ],
        [
            0.885,
            0.115
        ],
        [
            0.91,
            0.09
        ],
        [
            0.89,
            0.11
        ],
        [
            0.825,
            0.175
        ],
        [
            0.895,
            0.105
        ],
        [
            0.885,
            0.115
        ],
        [
            0.88,
            0.12
        ],
        [
            0.895,
            0.105
        ],
        [
            0.915,
            0.085
        ],
        [
            0.885,
            0.115
        ],
        [
            0.795,
            0.205
        ],
        [
            0.98,
            0.02
        ],
        [
            0.92,
            0.08
        ],
        [
            0.885,
            0.115
        ],
        [
            0.95,
            0.05
        ],
        [
            0.83,
            0.17
        ],
        [
            0.95,
            0.05
        ],
        [
            0.915,
            0.085
        ],
        [
            0.88,
            0.12
        ],
        [
            0.73,
            0.27
        ],
        [
            0.865,
            0.135
        ],
        [
            0.895,
            0.105
        ],
        [
            0.845,
            0.155
        ],
        [
            0.93,
            0.07
        ],
        [
            0.9,
            0.1
        ],
        [
            0.865,
            0.135
        ],
        [
            0.895,
            0.105
        ],
        [
            0.85,
            0.15
        ],
        [
            0.96,
            0.04
        ],
        [
            0.855,
            0.145
        ],
        [
            0.895,
            0.105
        ],
        [
            0.88,
            0.12
        ],
        [
            0.93,
            0.07
        ],
        [
            0.89,
            0.11
        ],
        [
            0.91,
            0.09
        ],
        [
            0.91,
            0.09
        ],
        [
            0.86,
            0.14
        ],
        [
            0.865,
            0.135
        ],
        [
            0.825,
            0.175
        ],
        [
            0.79,
            0.21
        ],
        [
            0.93,
            0.07
        ],
        [
            0.925,
            0.075
        ],
        [
            0.91,
            0.09
        ],
        [
            0.96,
            0.04
        ],
        [
            0.885,
            0.115
        ],
        [
            0.92,
            0.08
        ],
        [
            0.93,
            0.07
        ],
        [
            0.89,
            0.11
        ],
        [
            0.905,
            0.095
        ],
        [
            0.735,
            0.265
        ],
        [
            0.835,
            0.165
        ],
        [
            0.835,
            0.165
        ],
        [
            0.935,
            0.065
        ],
        [
            0.715,
            0.285
        ],
        [
            0.9,
            0.1
        ],
        [
            0.845,
            0.155
        ],
        [
            0.845,
            0.155
        ],
        [
            0.955,
            0.045
        ],
        [
            0.825,
            0.175
        ],
        [
            0.955,
            0.045
        ],
        [
            0.875,
            0.125
        ],
        [
            0.925,
            0.075
        ],
        [
            0.84,
            0.16
        ],
        [
            0.945,
            0.055
        ],
        [
            0.88,
            0.12
        ],
        [
            0.935,
            0.065
        ],
        [
            0.855,
            0.145
        ],
        [
            0.885,
            0.115
        ],
        [
            0.83,
            0.17
        ],
        [
            0.905,
            0.095
        ],
        [
            0.9,
            0.1
        ],
        [
            0.885,
            0.115
        ],
        [
            0.92,
            0.08
        ],
        [
            0.925,
            0.075
        ],
        [
            0.89,
            0.11
        ],
        [
            0.905,
            0.095
        ],
        [
            0.815,
            0.185
        ],
        [
            0.895,
            0.105
        ],
        [
            0.9,
            0.1
        ],
        [
            0.74,
            0.26
        ],
        [
            0.82,
            0.18
        ],
        [
            0.905,
            0.095
        ],
        [
            0.865,
            0.135
        ],
        [
            0.91,
            0.09
        ],
        [
            0.655,
            0.345
        ],
        [
            0.9,
            0.1
        ],
        [
            0.915,
            0.085
        ],
        [
            0.935,
            0.065
        ],
        [
            0.955,
            0.045
        ],
        [
            0.855,
            0.145
        ],
        [
            0.895,
            0.105
        ],
        [
            0.965,
            0.035
        ],
        [
            0.85,
            0.15
        ],
        [
            0.855,
            0.145
        ],
        [
            0.975,
            0.025
        ],
        [
            0.865,
            0.135
        ],
        [
            0.845,
            0.155
        ],
        [
            0.955,
            0.045
        ],
        [
            0.77,
            0.23
        ],
        [
            0.93,
            0.07
        ],
        [
            0.905,
            0.095
        ],
        [
            0.82,
            0.18
        ],
        [
            0.82,
            0.18
        ],
        [
            0.835,
            0.165
        ],
        [
            0.81,
            0.19
        ],
        [
            0.78,
            0.22
        ],
        [
            0.935,
            0.065
        ],
        [
            0.88,
            0.12
        ],
        [
            0.82,
            0.18
        ],
        [
            0.88,
            0.12
        ],
        [
            0.855,
            0.145
        ],
        [
            0.835,
            0.165
        ],
        [
            0.925,
            0.075
        ],
        [
            0.915,
            0.085
        ],
        [
            0.82,
            0.18
        ],
        [
            0.9,
            0.1
        ],
        [
            0.895,
            0.105
        ],
        [
            0.895,
            0.105
        ],
        [
            0.85,
            0.15
        ],
        [
            0.925,
            0.075
        ],
        [
            0.81,
            0.19
        ],
        [
            0.89,
            0.11
        ],
        [
            0.855,
            0.145
        ],
        [
            0.875,
            0.125
        ],
        [
            0.865,
            0.135
        ],
        [
            0.92,
            0.08
        ],
        [
            0.935,
            0.065
        ],
        [
            0.795,
            0.205
        ],
        [
            0.945,
            0.055
        ],
        [
            0.86,
            0.14
        ],
        [
            0.86,
            0.14
        ],
        [
            0.88,
            0.12
        ],
        [
            0.975,
            0.025
        ],
        [
            0.945,
            0.055
        ],
        [
            0.75,
            0.25
        ],
        [
            0.785,
            0.215
        ],
        [
            0.57,
            0.43
        ],
        [
            0.85,
            0.15
        ],
        [
            0.9,
            0.1
        ],
        [
            0.82,
            0.18
        ],
        [
            0.915,
            0.085
        ],
        [
            0.915,
            0.085
        ],
        [
            0.905,
            0.095
        ],
        [
            0.92,
            0.08
        ],
        [
            0.89,
            0.11
        ]
    ],
    "y_pred": [
        0,
        0,
        0,
        0,
        0,
        0,
        0,
        0,
        0,
        0,
        0,
        0,
        0,
        0,
        0,
        0,
        0,
        0,
        0,
        0,
        0,
        0,
        0,
        0,
        0,
        0,
        0,
        0,
        0,
        0,
        0,
        0,
        0,
        0,
        0,
        0,
        0,
        0,
        0,
        0,
        0,
        0,
        0,
        0,
        0,
        0,
        0,
        0,
        0,
        0,
        0,
        0,
        0,
        0,
        0,
        0,
        0,
        0,
        0,
        0,
        0,
        0,
        0,
        0,
        0,
        0,
        0,
        0,
        0,
        0,
        0,
        0,
        0,
        0,
        0,
        0,
        0,
        0,
        0,
        0,
        0,
        0,
        0,
        0,
        0,
        0,
        0,
        0,
        0,
        0,
        0,
        0,
        0,
        0,
        0,
        0,
        0,
        0,
        0,
        0,
        0,
        0,
        0,
        0,
        0,
        0,
        0,
        0,
        0,
        0,
        0,
        0,
        0,
        0,
        0,
        0,
        0,
        0,
        0,
        0,
        0,
        0,
        0,
        0,
        0,
        0,
        0,
        0,
        0,
        0,
        0,
        0,
        0,
        0,
        0,
        0,
        0,
        0,
        0,
        0,
        0,
        0,
        0,
        0,
        0,
        0,
        0,
        0,
        0,
        0,
        0,
        0,
        0,
        0,
        0,
        0,
        0,
        0,
        0,
        0,
        0,
        0,
        0,
        0,
        0,
        0,
        0,
        0,
        0,
        0,
        0,
        0,
        0,
        0,
        0,
        0,
        0,
        0,
        0,
        0,
        0,
        0,
        0,
        0,
        0,
        0,
        0,
        0,
        0,
        0,
        0,
        0,
        0,
        0,
        0,
        0,
        0,
        0,
        0,
        0,
        0,
        0,
        0,
        0,
        0,
        0,
        0,
        0,
        0,
        0,
        0,
        0,
        0,
        0,
        0,
        0,
        0,
        0,
        0,
        0,
        0,
        0,
        0,
        0,
        0,
        0,
        0,
        0,
        0,
        0,
        0,
        0,
        0,
        0,
        0,
        0,
        0,
        0,
        0,
        0,
        0,
        0,
        0,
        0,
        0,
        0,
        0,
        0,
        0,
        0,
        0,
        0,
        0,
        0,
        0,
        0,
        0,
        0,
        0,
        0,
        0,
        0,
        0,
        0,
        0,
        0,
        0,
        0,
        0,
        0,
        0,
        0,
        0,
        0,
        0,
        0,
        0,
        0,
        0,
        0,
        0,
        0,
        0,
        0,
        0,
        0,
        0,
        0,
        0,
        0,
        0,
        0,
        0,
        0,
        0,
        0,
        0,
        0,
        0,
        0,
        0,
        0,
        0,
        0,
        0,
        0,
        0,
        0,
        0,
        0,
        0,
        0,
        0,
        0,
        0,
        0,
        0,
        0,
        0,
        0,
        0,
        0,
        0,
        0,
        0,
        0,
        0,
        0,
        0,
        0,
        0,
        0,
        0,
        0,
        0,
        0,
        0,
        0,
        0,
        0,
        0,
        0,
        0,
        0,
        0,
        0,
        0,
        0,
        0,
        0,
        0,
        0,
        0,
        0,
        0,
        0,
        0,
        0,
        0,
        0,
        0,
        0,
        0,
        0,
        0,
        0,
        0,
        0,
        0,
        0,
        0,
        0,
        0,
        0,
        0,
        0,
        0,
        0,
        0,
        0,
        0,
        0,
        0,
        0,
        0,
        0,
        0,
        0,
        0,
        0,
        0,
        0,
        0,
        0,
        0,
        0,
        0,
        0,
        0,
        0,
        0,
        0,
        0,
        0,
        0,
        0,
        0,
        0,
        0,
        0,
        0,
        0,
        0,
        0,
        0,
        0,
        0,
        0,
        0,
        0,
        0,
        0,
        0,
        0,
        0,
        0,
        0,
        0,
        0,
        0,
        0,
        0,
        0,
        0,
        0,
        0,
        0,
        0,
        0,
        0,
        0,
        0,
        0,
        0,
        0,
        0,
        0,
        0,
        0,
        0,
        0,
        0,
        0,
        0,
        0,
        0,
        0,
        0,
        0,
        0,
        0,
        0,
        0,
        0,
        0,
        0,
        0,
        0,
        0,
        0,
        0,
        0,
        0,
        0,
        0,
        0,
        0,
        0,
        0,
        0,
        0,
        0,
        0,
        0,
        0,
        0,
        0,
        0,
        0,
        0,
        0,
        0,
        0,
        0,
        0,
        0,
        0,
        0,
        0,
        0,
        0,
        0,
        0,
        0,
        0,
        0,
        0,
        0,
        0,
        0,
        0,
        0,
        0,
        0,
        0,
        0,
        0,
        0,
        0,
        0,
        0,
        0,
        0,
        0,
        0,
        0,
        0,
        0,
        0,
        0,
        0,
        0,
        0,
        0,
        0,
        0,
        0,
        0,
        0,
        0,
        0,
        0,
        0,
        0,
        0,
        0,
        0,
        0,
        0,
        0,
        0,
        0,
        0,
        0,
        0,
        0,
        0,
        0,
        0,
        0,
        0,
        0,
        0,
        0,
        0,
        0,
        0,
        0,
        0,
        0,
        0,
        0,
        0,
        0,
        0,
        0,
        0,
        0,
        0,
        0,
        0,
        0,
        0,
        0,
        0,
        0,
        0,
        0,
        0,
        0,
        0,
        0,
        0,
        0,
        0,
        0,
        0,
        0,
        0,
        0,
        0,
        0,
        0,
        0,
        0,
        0,
        0,
        0,
        0,
        0,
        0,
        0,
        0,
        0,
        0,
        0,
        0,
        0,
        0,
        0,
        0,
        0,
        0,
        0,
        0,
        0,
        0,
        0,
        0,
        0,
        0,
        0,
        0,
        0,
        0,
        0,
        0,
        0,
        0,
        0,
        0,
        0,
        0,
        0,
        0,
        0,
        0,
        0,
        0,
        0,
        0,
        0,
        0,
        0,
        0,
        0,
        0,
        0,
        0,
        0,
        0,
        0,
        0,
        0,
        0,
        0,
        0,
        0,
        0,
        0,
        0,
        0,
        0,
        0,
        0,
        0,
        0,
        0,
        0,
        0,
        0,
        0,
        0,
        0,
        0,
        0,
        0,
        0,
        0,
        0,
        0,
        0,
        0,
        0,
        0,
        0,
        0,
        0,
        0,
        0,
        0,
        0,
        0,
        0,
        0,
        0,
        0,
        0,
        0,
        0,
        0,
        0,
        0,
        0,
        0,
        0,
        0,
        0,
        0,
        0,
        0,
        0,
        0,
        0,
        0,
        0,
        0,
        0,
        0,
        0,
        0,
        0,
        0,
        0,
        0,
        0,
        0,
        0,
        0,
        0,
        0,
        0,
        0,
        0,
        0,
        0,
        0,
        0,
        0,
        0,
        0,
        0,
        0,
        0,
        0,
        0,
        0,
        0,
        0,
        0,
        0,
        0,
        0,
        0,
        0,
        0,
        0,
        0,
        0,
        0,
        0,
        0,
        0,
        0,
        0,
        0,
        0,
        0,
        0,
        0,
        0,
        0,
        0,
        0,
        0,
        0,
        0,
        0,
        0,
        0,
        0,
        0,
        0,
        0,
        0,
        0,
        0,
        0,
        0,
        0,
        0,
        0,
        0,
        0,
        0,
        0,
        0,
        0,
        0,
        0,
        0,
        0,
        0,
        0,
        0,
        0,
        0,
        0,
        0,
        0,
        0,
        0,
        0,
        0,
        0,
        0,
        0,
        0,
        0,
        0,
        0,
        0,
        0,
        0,
        0,
        0,
        0,
        0,
        0,
        0,
        0,
        0,
        0,
        0,
        0,
        0,
        0,
        0,
        0,
        0,
        0,
        0,
        0,
        0,
        0,
        0,
        0,
        0,
        0,
        0,
        0,
        0,
        0,
        0,
        0,
        0,
        0,
        0,
        0,
        0,
        0,
        0,
        0,
        0,
        0,
        0,
        0,
        0,
        0,
        0,
        0,
        0,
        0,
        0,
        0,
        0,
        0,
        0,
        0,
        0,
        0,
        0,
        0,
        0,
        0,
        0,
        0,
        0,
        0,
        0,
        0,
        0,
        0,
        0,
        0,
        0,
        0,
        0,
        0,
        0,
        0,
        0,
        0,
        0,
        0,
        0,
        0,
        0,
        0,
        0,
        0,
        0,
        0,
        0,
        0,
        0,
        0,
        0,
        0,
        0,
        0,
        0,
        0,
        0,
        0,
        0,
        0,
        0,
        0,
        0,
        0,
        0,
        0,
        0,
        0,
        0,
        0,
        0,
        0,
        0,
        0,
        0,
        0,
        0,
        0,
        0,
        0,
        0,
        0,
        0,
        0,
        0,
        0,
        0,
        0,
        0,
        0,
        0,
        0,
        0,
        0,
        0,
        0,
        0,
        0,
        0
    ],
    "y_test": [
        0,
        1,
        0,
        0,
        1,
        0,
        0,
        0,
        1,
        1,
        0,
        0,
        0,
        1,
        0,
        0,
        0,
        0,
        0,
        0,
        0,
        0,
        0,
        1,
        0,
        1,
        0,
        0,
        1,
        1,
        0,
        0,
        0,
        0,
        0,
        1,
        0,
        1,
        0,
        0,
        1,
        0,
        0,
        1,
        0,
        0,
        0,
        0,
        1,
        0,
        0,
        0,
        0,
        0,
        0,
        0,
        1,
        0,
        0,
        0,
        0,
        0,
        0,
        0,
        0,
        0,
        0,
        0,
        0,
        0,
        0,
        0,
        1,
        0,
        0,
        0,
        0,
        0,
        0,
        0,
        0,
        0,
        0,
        0,
        0,
        0,
        0,
        0,
        1,
        0,
        0,
        0,
        0,
        1,
        1,
        0,
        0,
        0,
        0,
        0,
        0,
        1,
        0,
        0,
        0,
        1,
        0,
        0,
        0,
        0,
        0,
        0,
        1,
        0,
        0,
        0,
        0,
        0,
        0,
        0,
        0,
        1,
        0,
        0,
        0,
        0,
        0,
        0,
        0,
        0,
        0,
        0,
        1,
        0,
        0,
        0,
        0,
        0,
        0,
        0,
        0,
        0,
        0,
        0,
        0,
        0,
        0,
        0,
        0,
        0,
        1,
        1,
        1,
        1,
        0,
        1,
        0,
        0,
        0,
        0,
        0,
        0,
        0,
        0,
        0,
        0,
        0,
        0,
        0,
        0,
        0,
        0,
        0,
        1,
        0,
        0,
        0,
        0,
        0,
        0,
        0,
        0,
        1,
        0,
        0,
        1,
        0,
        0,
        1,
        0,
        0,
        0,
        0,
        0,
        0,
        0,
        0,
        0,
        0,
        0,
        0,
        0,
        0,
        0,
        0,
        0,
        0,
        0,
        0,
        0,
        0,
        0,
        0,
        1,
        0,
        0,
        0,
        0,
        0,
        0,
        0,
        0,
        0,
        0,
        0,
        0,
        0,
        0,
        1,
        0,
        0,
        0,
        0,
        0,
        0,
        1,
        0,
        0,
        0,
        0,
        0,
        0,
        0,
        1,
        0,
        0,
        0,
        0,
        0,
        0,
        1,
        1,
        0,
        0,
        0,
        0,
        0,
        0,
        0,
        0,
        0,
        0,
        0,
        1,
        0,
        0,
        0,
        1,
        0,
        0,
        0,
        0,
        0,
        0,
        0,
        0,
        0,
        1,
        1,
        0,
        0,
        0,
        0,
        0,
        0,
        0,
        0,
        0,
        0,
        0,
        0,
        0,
        0,
        0,
        1,
        0,
        0,
        0,
        0,
        1,
        1,
        0,
        0,
        0,
        0,
        0,
        0,
        0,
        0,
        0,
        0,
        0,
        0,
        0,
        0,
        1,
        0,
        0,
        0,
        0,
        0,
        0,
        0,
        0,
        0,
        0,
        0,
        0,
        0,
        0,
        0,
        0,
        0,
        0,
        0,
        0,
        0,
        0,
        0,
        0,
        0,
        1,
        0,
        0,
        0,
        1,
        0,
        0,
        0,
        0,
        1,
        0,
        0,
        0,
        0,
        1,
        1,
        0,
        0,
        0,
        0,
        0,
        0,
        0,
        0,
        1,
        0,
        0,
        0,
        0,
        0,
        0,
        0,
        0,
        0,
        0,
        0,
        1,
        0,
        0,
        0,
        0,
        0,
        0,
        0,
        0,
        0,
        0,
        0,
        1,
        0,
        0,
        0,
        0,
        1,
        0,
        0,
        0,
        1,
        0,
        0,
        0,
        0,
        0,
        0,
        0,
        0,
        0,
        1,
        0,
        0,
        0,
        0,
        0,
        1,
        0,
        0,
        0,
        0,
        0,
        0,
        0,
        0,
        1,
        0,
        1,
        0,
        0,
        0,
        0,
        0,
        0,
        0,
        0,
        0,
        0,
        0,
        0,
        0,
        0,
        0,
        0,
        1,
        0,
        0,
        1,
        0,
        0,
        0,
        0,
        0,
        1,
        0,
        0,
        0,
        0,
        0,
        0,
        0,
        0,
        0,
        0,
        0,
        0,
        0,
        1,
        1,
        0,
        0,
        0,
        1,
        0,
        0,
        0,
        0,
        0,
        0,
        0,
        0,
        0,
        0,
        0,
        0,
        0,
        0,
        0,
        0,
        1,
        0,
        0,
        0,
        0,
        0,
        0,
        1,
        0,
        0,
        0,
        0,
        0,
        0,
        0,
        0,
        0,
        0,
        0,
        1,
        1,
        1,
        0,
        0,
        0,
        0,
        0,
        0,
        0,
        0,
        0,
        0,
        1,
        0,
        0,
        0,
        0,
        0,
        0,
        0,
        1,
        0,
        0,
        0,
        0,
        0,
        0,
        1,
        1,
        0,
        0,
        0,
        1,
        1,
        0,
        0,
        0,
        0,
        0,
        0,
        0,
        1,
        0,
        0,
        0,
        0,
        0,
        0,
        1,
        0,
        1,
        0,
        0,
        0,
        0,
        0,
        0,
        0,
        0,
        0,
        0,
        1,
        0,
        0,
        0,
        0,
        0,
        0,
        0,
        0,
        0,
        1,
        0,
        0,
        0,
        0,
        0,
        0,
        0,
        0,
        0,
        0,
        0,
        0,
        0,
        0,
        0,
        0,
        0,
        0,
        0,
        0,
        0,
        0,
        0,
        0,
        0,
        0,
        0,
        0,
        1,
        0,
        0,
        0,
        0,
        0,
        0,
        0,
        0,
        0,
        1,
        0,
        0,
        0,
        1,
        0,
        0,
        0,
        0,
        0,
        0,
        0,
        0,
        0,
        0,
        0,
        0,
        0,
        0,
        0,
        0,
        0,
        0,
        0,
        0,
        0,
        0,
        0,
        0,
        0,
        1,
        0,
        0,
        0,
        0,
        0,
        0,
        0,
        0,
        0,
        0,
        0,
        0,
        0,
        0,
        1,
        0,
        0,
        0,
        0,
        1,
        0,
        0,
        0,
        1,
        0,
        1,
        0,
        0,
        0,
        0,
        0,
        0,
        0,
        0,
        0,
        0,
        0,
        0,
        0,
        0,
        0,
        0,
        1,
        1,
        0,
        0,
        0,
        0,
        0,
        1,
        0,
        0,
        0,
        1,
        0,
        0,
        0,
        0,
        0,
        0,
        0,
        0,
        0,
        0,
        0,
        0,
        0,
        0,
        0,
        0,
        0,
        1,
        0,
        0,
        0,
        0,
        0,
        0,
        0,
        0,
        0,
        0,
        0,
        0,
        0,
        0,
        0,
        0,
        0,
        0,
        0,
        1,
        0,
        0,
        0,
        1,
        0,
        0,
        0,
        0,
        0,
        0,
        0,
        0,
        0,
        0,
        0,
        0,
        0,
        0,
        0,
        0,
        0,
        0,
        0,
        0,
        0,
        0,
        0,
        0,
        0,
        1,
        0,
        0,
        0,
        0,
        0,
        0,
        0,
        0,
        1,
        0,
        0,
        0,
        0,
        0,
        1,
        0,
        0,
        0,
        0,
        1,
        0,
        0,
        0,
        0,
        0,
        0,
        0,
        0,
        0,
        0,
        0,
        0,
        0,
        0,
        0,
        0,
        0,
        0,
        0,
        0,
        0,
        0,
        0,
        1,
        0,
        1,
        0,
        0,
        0,
        0,
        1,
        0,
        0,
        1,
        0,
        1,
        0,
        0,
        0,
        0,
        1,
        1,
        0,
        0,
        1,
        0,
        0,
        1,
        0,
        0,
        0,
        0,
        0,
        0,
        0,
        0,
        0,
        0,
        0,
        0,
        1,
        0,
        0,
        0,
        0,
        0,
        0,
        0,
        1,
        0,
        0,
        0,
        0,
        0,
        0,
        0,
        0,
        0,
        0,
        0,
        0,
        0,
        0,
        0,
        0,
        0,
        0,
        0,
        0,
        0,
        0,
        0,
        0,
        0,
        1,
        0,
        0,
        1,
        0,
        0,
        0,
        1,
        0,
        0,
        0,
        0,
        1,
        0,
        0,
        0,
        0,
        0,
        0,
        0,
        0,
        0,
        0,
        0,
        1,
        0,
        1,
        1,
        1,
        0,
        0,
        0,
        0,
        0,
        0,
        0,
        0,
        0,
        0,
        0,
        0,
        0,
        0,
        0,
        0,
        1,
        0,
        1,
        0,
        0,
        1,
        0,
        0,
        0,
        1,
        0,
        0,
        0,
        0,
        0,
        0,
        0,
        0,
        0,
        0,
        0,
        0,
        0,
        0,
        0,
        0,
        1,
        0,
        0,
        0,
        0,
        0,
        0,
        0,
        0,
        0,
        0,
        0,
        0,
        0,
        0,
        0,
        0,
        0,
        0,
        0,
        1
    ],
    "accuracy": 0.8698770491803278,
    "auprc": 0.2936734852792759,
    "auroc": 0.7261994194188623
}