{
    "site": "DRIAMS-A",
    "seed": 545,
    "model": "rf",
    "antibiotic": "Tobramycin",
    "species": "Klebsiella pneumoniae",
    "years": [
        "2015",
        "2016",
        "2017",
        "2018"
    ],
    "metadata_versions": {
        "2015_clean.csv": "d022b7aaae8f97f37ec499a0baa1d6428d83cf53",
        "2016_clean.csv": "b64ae1e31e21b47b929bac6d65809c2e4ef4ad41",
        "2017_clean.csv": "b4dbecce8033e52e32970c3e8652b9f6c7aa2bee",
        "2018_clean.csv": "fb9d669527d73d55719bf15d544620fbf45f1f2e"
    },
    "best_params": {
        "rf__bootstrap": false,
        "rf__criterion": "entropy",
        "rf__max_features": "auto",
        "rf__n_estimators": 200
    },
    "y_score": [
        [
            0.8,
            0.2
        ],
        [
            0.945,
            0.055
        ],
        [
            0.76,
            0.24
        ],
        [
            0.86,
            0.14
        ],
        [
            0.97,
            0.03
        ],
        [
            0.945,
            0.055
        ],
        [
            0.94,
            0.06
        ],
        [
            0.88,
            0.12
        ],
        [
            0.93,
            0.07
        ],
        [
            0.945,
            0.055
        ],
        [
            0.93,
            0.07
        ],
        [
            0.955,
            0.045
        ],
        [
            0.91,
            0.09
        ],
        [
            0.945,
            0.055
        ],
        [
            0.855,
            0.145
        ],
        [
            0.91,
            0.09
        ],
        [
            0.935,
            0.065
        ],
        [
            0.88,
            0.12
        ],
        [
            0.815,
            0.185
        ],
        [
            0.94,
            0.06
        ],
        [
            0.91,
            0.09
        ],
        [
            0.955,
            0.045
        ],
        [
            0.955,
            0.045
        ],
        [
            0.905,
            0.095
        ],
        [
            0.95,
            0.05
        ],
        [
            0.875,
            0.125
        ],
        [
            0.845,
            0.155
        ],
        [
            0.93,
            0.07
        ],
        [
            0.87,
            0.13
        ],
        [
            0.94,
            0.06
        ],
        [
            0.98,
            0.02
        ],
        [
            0.775,
            0.225
        ],
        [
            0.915,
            0.085
        ],
        [
            0.88,
            0.12
        ],
        [
            0.625,
            0.375
        ],
        [
            0.95,
            0.05
        ],
        [
            0.885,
            0.115
        ],
        [
            0.95,
            0.05
        ],
        [
            0.85,
            0.15
        ],
        [
            0.815,
            0.185
        ],
        [
            0.865,
            0.135
        ],
        [
            0.96,
            0.04
        ],
        [
            0.86,
            0.14
        ],
        [
            0.835,
            0.165
        ],
        [
            0.895,
            0.105
        ],
        [
            0.9,
            0.1
        ],
        [
            0.86,
            0.14
        ],
        [
            0.94,
            0.06
        ],
        [
            0.93,
            0.07
        ],
        [
            0.905,
            0.095
        ],
        [
            0.9,
            0.1
        ],
        [
            0.865,
            0.135
        ],
        [
            0.845,
            0.155
        ],
        [
            0.945,
            0.055
        ],
        [
            0.925,
            0.075
        ],
        [
            0.99,
            0.01
        ],
        [
            0.84,
            0.16
        ],
        [
            0.96,
            0.04
        ],
        [
            0.87,
            0.13
        ],
        [
            0.74,
            0.26
        ],
        [
            0.96,
            0.04
        ],
        [
            0.925,
            0.075
        ],
        [
            0.92,
            0.08
        ],
        [
            0.77,
            0.23
        ],
        [
            0.72,
            0.28
        ],
        [
            0.735,
            0.265
        ],
        [
            0.885,
            0.115
        ],
        [
            0.845,
            0.155
        ],
        [
            0.885,
            0.115
        ],
        [
            0.78,
            0.22
        ],
        [
            0.98,
            0.02
        ],
        [
            0.96,
            0.04
        ],
        [
            0.95,
            0.05
        ],
        [
            0.96,
            0.04
        ],
        [
            0.93,
            0.07
        ],
        [
            0.885,
            0.115
        ],
        [
            0.92,
            0.08
        ],
        [
            0.94,
            0.06
        ],
        [
            0.935,
            0.065
        ],
        [
            0.84,
            0.16
        ],
        [
            0.755,
            0.245
        ],
        [
            0.85,
            0.15
        ],
        [
            0.88,
            0.12
        ],
        [
            0.935,
            0.065
        ],
        [
            0.895,
            0.105
        ],
        [
            0.915,
            0.085
        ],
        [
            0.875,
            0.125
        ],
        [
            0.945,
            0.055
        ],
        [
            0.915,
            0.085
        ],
        [
            0.895,
            0.105
        ],
        [
            0.93,
            0.07
        ],
        [
            0.905,
            0.095
        ],
        [
            0.94,
            0.06
        ],
        [
            0.915,
            0.085
        ],
        [
            0.885,
            0.115
        ],
        [
            0.925,
            0.075
        ],
        [
            0.905,
            0.095
        ],
        [
            0.945,
            0.055
        ],
        [
            0.89,
            0.11
        ],
        [
            0.615,
            0.385
        ],
        [
            0.9,
            0.1
        ],
        [
            0.945,
            0.055
        ],
        [
            0.94,
            0.06
        ],
        [
            0.96,
            0.04
        ],
        [
            0.95,
            0.05
        ],
        [
            0.915,
            0.085
        ],
        [
            0.915,
            0.085
        ],
        [
            0.96,
            0.04
        ],
        [
            0.93,
            0.07
        ],
        [
            0.93,
            0.07
        ],
        [
            0.955,
            0.045
        ],
        [
            0.715,
            0.285
        ],
        [
            0.845,
            0.155
        ],
        [
            0.875,
            0.125
        ],
        [
            0.83,
            0.17
        ],
        [
            0.965,
            0.035
        ],
        [
            0.9,
            0.1
        ],
        [
            0.945,
            0.055
        ],
        [
            0.855,
            0.145
        ],
        [
            0.945,
            0.055
        ],
        [
            0.92,
            0.08
        ],
        [
            0.825,
            0.175
        ],
        [
            0.94,
            0.06
        ],
        [
            0.92,
            0.08
        ],
        [
            0.84,
            0.16
        ],
        [
            0.895,
            0.105
        ],
        [
            0.885,
            0.115
        ],
        [
            0.965,
            0.035
        ],
        [
            0.935,
            0.065
        ],
        [
            0.865,
            0.135
        ],
        [
            0.91,
            0.09
        ],
        [
            0.905,
            0.095
        ],
        [
            0.84,
            0.16
        ],
        [
            0.935,
            0.065
        ],
        [
            0.94,
            0.06
        ],
        [
            0.87,
            0.13
        ],
        [
            0.845,
            0.155
        ],
        [
            0.955,
            0.045
        ],
        [
            0.895,
            0.105
        ],
        [
            0.945,
            0.055
        ],
        [
            0.905,
            0.095
        ],
        [
            0.97,
            0.03
        ],
        [
            0.93,
            0.07
        ],
        [
            0.645,
            0.355
        ],
        [
            0.91,
            0.09
        ],
        [
            0.94,
            0.06
        ],
        [
            0.86,
            0.14
        ],
        [
            0.94,
            0.06
        ],
        [
            0.86,
            0.14
        ],
        [
            0.98,
            0.02
        ],
        [
            0.83,
            0.17
        ],
        [
            0.93,
            0.07
        ],
        [
            0.955,
            0.045
        ],
        [
            0.86,
            0.14
        ],
        [
            0.765,
            0.235
        ],
        [
            0.875,
            0.125
        ],
        [
            0.865,
            0.135
        ],
        [
            0.82,
            0.18
        ],
        [
            0.67,
            0.33
        ],
        [
            0.955,
            0.045
        ],
        [
            0.975,
            0.025
        ],
        [
            0.885,
            0.115
        ],
        [
            0.865,
            0.135
        ],
        [
            0.865,
            0.135
        ],
        [
            0.975,
            0.025
        ],
        [
            0.945,
            0.055
        ],
        [
            0.815,
            0.185
        ],
        [
            0.845,
            0.155
        ],
        [
            0.865,
            0.135
        ],
        [
            0.865,
            0.135
        ],
        [
            0.985,
            0.015
        ],
        [
            0.945,
            0.055
        ],
        [
            0.96,
            0.04
        ],
        [
            0.87,
            0.13
        ],
        [
            0.905,
            0.095
        ],
        [
            0.9,
            0.1
        ],
        [
            0.94,
            0.06
        ],
        [
            0.965,
            0.035
        ],
        [
            0.815,
            0.185
        ],
        [
            0.96,
            0.04
        ],
        [
            0.945,
            0.055
        ],
        [
            0.88,
            0.12
        ],
        [
            0.965,
            0.035
        ],
        [
            0.675,
            0.325
        ],
        [
            0.865,
            0.135
        ],
        [
            0.86,
            0.14
        ],
        [
            0.92,
            0.08
        ],
        [
            0.955,
            0.045
        ],
        [
            0.925,
            0.075
        ],
        [
            0.915,
            0.085
        ],
        [
            0.945,
            0.055
        ],
        [
            0.89,
            0.11
        ],
        [
            0.805,
            0.195
        ],
        [
            0.865,
            0.135
        ],
        [
            0.945,
            0.055
        ],
        [
            0.915,
            0.085
        ],
        [
            0.925,
            0.075
        ],
        [
            0.895,
            0.105
        ],
        [
            0.97,
            0.03
        ],
        [
            0.84,
            0.16
        ],
        [
            0.85,
            0.15
        ],
        [
            0.925,
            0.075
        ],
        [
            0.865,
            0.135
        ],
        [
            0.94,
            0.06
        ],
        [
            0.96,
            0.04
        ],
        [
            0.745,
            0.255
        ],
        [
            0.87,
            0.13
        ],
        [
            0.895,
            0.105
        ],
        [
            0.95,
            0.05
        ],
        [
            0.905,
            0.095
        ],
        [
            0.935,
            0.065
        ],
        [
            0.9,
            0.1
        ],
        [
            0.95,
            0.05
        ],
        [
            0.87,
            0.13
        ],
        [
            0.865,
            0.135
        ],
        [
            0.89,
            0.11
        ],
        [
            0.94,
            0.06
        ],
        [
            0.855,
            0.145
        ],
        [
            0.97,
            0.03
        ],
        [
            0.895,
            0.105
        ],
        [
            0.91,
            0.09
        ],
        [
            0.925,
            0.075
        ],
        [
            0.9,
            0.1
        ],
        [
            0.935,
            0.065
        ],
        [
            0.815,
            0.185
        ],
        [
            0.9,
            0.1
        ],
        [
            0.785,
            0.215
        ],
        [
            0.975,
            0.025
        ],
        [
            0.94,
            0.06
        ],
        [
            0.915,
            0.085
        ],
        [
            0.87,
            0.13
        ],
        [
            0.92,
            0.08
        ],
        [
            0.835,
            0.165
        ],
        [
            0.875,
            0.125
        ],
        [
            0.89,
            0.11
        ],
        [
            0.925,
            0.075
        ],
        [
            0.935,
            0.065
        ],
        [
            0.96,
            0.04
        ],
        [
            0.88,
            0.12
        ],
        [
            0.955,
            0.045
        ],
        [
            0.915,
            0.085
        ],
        [
            0.98,
            0.02
        ],
        [
            0.88,
            0.12
        ],
        [
            0.93,
            0.07
        ],
        [
            0.945,
            0.055
        ],
        [
            0.955,
            0.045
        ],
        [
            0.92,
            0.08
        ],
        [
            0.9,
            0.1
        ],
        [
            0.945,
            0.055
        ],
        [
            0.92,
            0.08
        ],
        [
            0.88,
            0.12
        ],
        [
            0.885,
            0.115
        ],
        [
            0.955,
            0.045
        ],
        [
            0.805,
            0.195
        ],
        [
            0.845,
            0.155
        ],
        [
            0.925,
            0.075
        ],
        [
            0.93,
            0.07
        ],
        [
            0.96,
            0.04
        ],
        [
            0.89,
            0.11
        ],
        [
            0.945,
            0.055
        ],
        [
            0.92,
            0.08
        ],
        [
            0.945,
            0.055
        ],
        [
            0.89,
            0.11
        ],
        [
            0.945,
            0.055
        ],
        [
            0.965,
            0.035
        ],
        [
            0.925,
            0.075
        ],
        [
            0.975,
            0.025
        ],
        [
            0.88,
            0.12
        ],
        [
            0.905,
            0.095
        ],
        [
            0.915,
            0.085
        ],
        [
            0.92,
            0.08
        ],
        [
            0.905,
            0.095
        ],
        [
            0.92,
            0.08
        ],
        [
            0.905,
            0.095
        ],
        [
            0.955,
            0.045
        ],
        [
            0.935,
            0.065
        ],
        [
            0.745,
            0.255
        ],
        [
            0.92,
            0.08
        ],
        [
            0.915,
            0.085
        ],
        [
            0.965,
            0.035
        ],
        [
            0.925,
            0.075
        ],
        [
            0.935,
            0.065
        ],
        [
            0.97,
            0.03
        ],
        [
            0.905,
            0.095
        ],
        [
            0.96,
            0.04
        ],
        [
            0.93,
            0.07
        ],
        [
            0.855,
            0.145
        ],
        [
            0.955,
            0.045
        ],
        [
            0.91,
            0.09
        ],
        [
            0.9,
            0.1
        ],
        [
            0.9,
            0.1
        ],
        [
            0.915,
            0.085
        ],
        [
            0.91,
            0.09
        ],
        [
            0.935,
            0.065
        ],
        [
            0.955,
            0.045
        ],
        [
            0.86,
            0.14
        ],
        [
            0.825,
            0.175
        ],
        [
            0.94,
            0.06
        ],
        [
            0.91,
            0.09
        ],
        [
            0.925,
            0.075
        ],
        [
            0.955,
            0.045
        ],
        [
            0.88,
            0.12
        ],
        [
            0.965,
            0.035
        ],
        [
            0.92,
            0.08
        ],
        [
            0.875,
            0.125
        ],
        [
            0.935,
            0.065
        ],
        [
            0.945,
            0.055
        ],
        [
            0.885,
            0.115
        ],
        [
            0.93,
            0.07
        ],
        [
            0.69,
            0.31
        ],
        [
            0.955,
            0.045
        ],
        [
            0.905,
            0.095
        ],
        [
            0.875,
            0.125
        ],
        [
            0.815,
            0.185
        ],
        [
            0.9,
            0.1
        ],
        [
            0.975,
            0.025
        ],
        [
            0.975,
            0.025
        ],
        [
            0.96,
            0.04
        ],
        [
            0.925,
            0.075
        ],
        [
            0.93,
            0.07
        ],
        [
            0.97,
            0.03
        ],
        [
            0.925,
            0.075
        ],
        [
            0.91,
            0.09
        ],
        [
            0.94,
            0.06
        ],
        [
            0.765,
            0.235
        ],
        [
            0.965,
            0.035
        ],
        [
            0.97,
            0.03
        ],
        [
            0.97,
            0.03
        ],
        [
            0.86,
            0.14
        ],
        [
            0.8,
            0.2
        ],
        [
            0.92,
            0.08
        ],
        [
            0.94,
            0.06
        ],
        [
            0.94,
            0.06
        ],
        [
            0.935,
            0.065
        ],
        [
            0.85,
            0.15
        ],
        [
            0.94,
            0.06
        ],
        [
            0.875,
            0.125
        ],
        [
            0.895,
            0.105
        ],
        [
            0.945,
            0.055
        ],
        [
            0.91,
            0.09
        ],
        [
            0.7,
            0.3
        ],
        [
            0.82,
            0.18
        ],
        [
            0.93,
            0.07
        ],
        [
            0.925,
            0.075
        ],
        [
            0.975,
            0.025
        ],
        [
            0.86,
            0.14
        ],
        [
            0.86,
            0.14
        ],
        [
            0.885,
            0.115
        ],
        [
            0.835,
            0.165
        ],
        [
            0.88,
            0.12
        ],
        [
            0.95,
            0.05
        ],
        [
            0.92,
            0.08
        ],
        [
            0.86,
            0.14
        ],
        [
            0.875,
            0.125
        ],
        [
            0.94,
            0.06
        ],
        [
            0.62,
            0.38
        ],
        [
            0.91,
            0.09
        ],
        [
            0.825,
            0.175
        ],
        [
            0.775,
            0.225
        ],
        [
            0.935,
            0.065
        ],
        [
            0.92,
            0.08
        ],
        [
            0.915,
            0.085
        ],
        [
            0.875,
            0.125
        ],
        [
            0.93,
            0.07
        ],
        [
            0.88,
            0.12
        ],
        [
            0.89,
            0.11
        ],
        [
            0.955,
            0.045
        ],
        [
            0.965,
            0.035
        ],
        [
            0.875,
            0.125
        ],
        [
            0.93,
            0.07
        ],
        [
            0.88,
            0.12
        ],
        [
            0.895,
            0.105
        ],
        [
            0.955,
            0.045
        ],
        [
            0.84,
            0.16
        ],
        [
            0.915,
            0.085
        ],
        [
            0.81,
            0.19
        ],
        [
            0.93,
            0.07
        ],
        [
            0.915,
            0.085
        ],
        [
            0.9,
            0.1
        ],
        [
            0.83,
            0.17
        ],
        [
            0.955,
            0.045
        ],
        [
            0.905,
            0.095
        ],
        [
            0.92,
            0.08
        ],
        [
            0.935,
            0.065
        ],
        [
            0.935,
            0.065
        ],
        [
            0.895,
            0.105
        ],
        [
            0.9,
            0.1
        ],
        [
            0.93,
            0.07
        ],
        [
            0.595,
            0.405
        ],
        [
            0.9,
            0.1
        ],
        [
            0.94,
            0.06
        ],
        [
            0.95,
            0.05
        ],
        [
            0.86,
            0.14
        ],
        [
            0.895,
            0.105
        ],
        [
            0.96,
            0.04
        ],
        [
            0.965,
            0.035
        ],
        [
            0.91,
            0.09
        ],
        [
            0.88,
            0.12
        ],
        [
            0.93,
            0.07
        ],
        [
            0.915,
            0.085
        ],
        [
            0.875,
            0.125
        ],
        [
            0.895,
            0.105
        ],
        [
            0.855,
            0.145
        ],
        [
            0.77,
            0.23
        ],
        [
            0.72,
            0.28
        ],
        [
            0.91,
            0.09
        ],
        [
            0.92,
            0.08
        ],
        [
            0.975,
            0.025
        ],
        [
            0.925,
            0.075
        ],
        [
            0.895,
            0.105
        ],
        [
            0.99,
            0.01
        ],
        [
            0.955,
            0.045
        ],
        [
            0.59,
            0.41
        ],
        [
            0.875,
            0.125
        ],
        [
            0.905,
            0.095
        ],
        [
            0.93,
            0.07
        ],
        [
            0.885,
            0.115
        ],
        [
            0.75,
            0.25
        ],
        [
            0.905,
            0.095
        ],
        [
            0.96,
            0.04
        ],
        [
            0.96,
            0.04
        ],
        [
            0.92,
            0.08
        ],
        [
            0.645,
            0.355
        ],
        [
            0.84,
            0.16
        ],
        [
            0.915,
            0.085
        ],
        [
            0.91,
            0.09
        ],
        [
            0.975,
            0.025
        ],
        [
            0.855,
            0.145
        ],
        [
            0.74,
            0.26
        ],
        [
            0.875,
            0.125
        ],
        [
            0.89,
            0.11
        ],
        [
            0.93,
            0.07
        ],
        [
            0.925,
            0.075
        ],
        [
            0.85,
            0.15
        ],
        [
            0.92,
            0.08
        ],
        [
            0.95,
            0.05
        ],
        [
            0.91,
            0.09
        ],
        [
            0.9,
            0.1
        ],
        [
            0.895,
            0.105
        ],
        [
            0.845,
            0.155
        ],
        [
            0.985,
            0.015
        ],
        [
            0.855,
            0.145
        ],
        [
            0.93,
            0.07
        ],
        [
            0.93,
            0.07
        ],
        [
            0.955,
            0.045
        ],
        [
            0.93,
            0.07
        ],
        [
            0.825,
            0.175
        ],
        [
            0.885,
            0.115
        ],
        [
            0.845,
            0.155
        ],
        [
            0.915,
            0.085
        ],
        [
            0.91,
            0.09
        ],
        [
            0.645,
            0.355
        ],
        [
            0.91,
            0.09
        ],
        [
            0.94,
            0.06
        ],
        [
            0.91,
            0.09
        ],
        [
            0.895,
            0.105
        ],
        [
            0.935,
            0.065
        ],
        [
            0.92,
            0.08
        ],
        [
            0.9,
            0.1
        ],
        [
            0.92,
            0.08
        ],
        [
            0.865,
            0.135
        ],
        [
            0.875,
            0.125
        ],
        [
            0.92,
            0.08
        ],
        [
            0.595,
            0.405
        ],
        [
            0.885,
            0.115
        ],
        [
            0.925,
            0.075
        ],
        [
            0.635,
            0.365
        ],
        [
            0.955,
            0.045
        ],
        [
            0.855,
            0.145
        ],
        [
            0.945,
            0.055
        ],
        [
            0.755,
            0.245
        ],
        [
            0.94,
            0.06
        ],
        [
            0.88,
            0.12
        ],
        [
            0.845,
            0.155
        ],
        [
            0.91,
            0.09
        ],
        [
            0.955,
            0.045
        ],
        [
            0.935,
            0.065
        ],
        [
            0.875,
            0.125
        ],
        [
            0.77,
            0.23
        ],
        [
            0.96,
            0.04
        ],
        [
            0.94,
            0.06
        ],
        [
            0.91,
            0.09
        ],
        [
            0.95,
            0.05
        ],
        [
            0.885,
            0.115
        ],
        [
            0.94,
            0.06
        ],
        [
            0.96,
            0.04
        ],
        [
            0.885,
            0.115
        ],
        [
            0.845,
            0.155
        ],
        [
            0.93,
            0.07
        ],
        [
            0.975,
            0.025
        ],
        [
            0.875,
            0.125
        ],
        [
            0.935,
            0.065
        ],
        [
            0.9,
            0.1
        ],
        [
            0.94,
            0.06
        ],
        [
            0.765,
            0.235
        ],
        [
            0.92,
            0.08
        ],
        [
            0.925,
            0.075
        ],
        [
            0.885,
            0.115
        ],
        [
            0.93,
            0.07
        ],
        [
            0.975,
            0.025
        ],
        [
            0.86,
            0.14
        ],
        [
            0.86,
            0.14
        ],
        [
            0.865,
            0.135
        ],
        [
            0.855,
            0.145
        ],
        [
            0.855,
            0.145
        ],
        [
            0.905,
            0.095
        ],
        [
            0.925,
            0.075
        ],
        [
            0.895,
            0.105
        ],
        [
            0.915,
            0.085
        ],
        [
            0.895,
            0.105
        ],
        [
            0.91,
            0.09
        ],
        [
            0.93,
            0.07
        ],
        [
            0.845,
            0.155
        ],
        [
            0.975,
            0.025
        ],
        [
            0.945,
            0.055
        ],
        [
            0.99,
            0.01
        ],
        [
            0.875,
            0.125
        ],
        [
            0.8,
            0.2
        ],
        [
            0.88,
            0.12
        ],
        [
            0.925,
            0.075
        ],
        [
            0.935,
            0.065
        ],
        [
            0.96,
            0.04
        ],
        [
            0.875,
            0.125
        ],
        [
            0.695,
            0.305
        ],
        [
            0.855,
            0.145
        ],
        [
            0.945,
            0.055
        ],
        [
            0.89,
            0.11
        ],
        [
            0.93,
            0.07
        ],
        [
            0.945,
            0.055
        ],
        [
            0.69,
            0.31
        ],
        [
            0.875,
            0.125
        ],
        [
            0.92,
            0.08
        ],
        [
            0.935,
            0.065
        ],
        [
            0.72,
            0.28
        ],
        [
            0.92,
            0.08
        ],
        [
            0.82,
            0.18
        ],
        [
            0.9,
            0.1
        ],
        [
            0.99,
            0.01
        ],
        [
            0.785,
            0.215
        ],
        [
            0.905,
            0.095
        ],
        [
            0.715,
            0.285
        ],
        [
            0.95,
            0.05
        ],
        [
            0.9,
            0.1
        ],
        [
            0.885,
            0.115
        ],
        [
            0.9,
            0.1
        ],
        [
            0.945,
            0.055
        ],
        [
            0.865,
            0.135
        ],
        [
            0.93,
            0.07
        ],
        [
            0.97,
            0.03
        ],
        [
            0.815,
            0.185
        ],
        [
            0.89,
            0.11
        ],
        [
            0.835,
            0.165
        ],
        [
            0.92,
            0.08
        ],
        [
            0.955,
            0.045
        ],
        [
            0.915,
            0.085
        ],
        [
            0.89,
            0.11
        ],
        [
            0.97,
            0.03
        ],
        [
            0.835,
            0.165
        ],
        [
            0.845,
            0.155
        ],
        [
            0.955,
            0.045
        ],
        [
            0.935,
            0.065
        ],
        [
            0.895,
            0.105
        ],
        [
            0.92,
            0.08
        ],
        [
            0.945,
            0.055
        ],
        [
            0.915,
            0.085
        ],
        [
            0.895,
            0.105
        ],
        [
            0.875,
            0.125
        ],
        [
            0.99,
            0.01
        ],
        [
            0.81,
            0.19
        ],
        [
            0.86,
            0.14
        ]
    ],
    "y_pred": [
        0,
        0,
        0,
        0,
        0,
        0,
        0,
        0,
        0,
        0,
        0,
        0,
        0,
        0,
        0,
        0,
        0,
        0,
        0,
        0,
        0,
        0,
        0,
        0,
        0,
        0,
        0,
        0,
        0,
        0,
        0,
        0,
        0,
        0,
        0,
        0,
        0,
        0,
        0,
        0,
        0,
        0,
        0,
        0,
        0,
        0,
        0,
        0,
        0,
        0,
        0,
        0,
        0,
        0,
        0,
        0,
        0,
        0,
        0,
        0,
        0,
        0,
        0,
        0,
        0,
        0,
        0,
        0,
        0,
        0,
        0,
        0,
        0,
        0,
        0,
        0,
        0,
        0,
        0,
        0,
        0,
        0,
        0,
        0,
        0,
        0,
        0,
        0,
        0,
        0,
        0,
        0,
        0,
        0,
        0,
        0,
        0,
        0,
        0,
        0,
        0,
        0,
        0,
        0,
        0,
        0,
        0,
        0,
        0,
        0,
        0,
        0,
        0,
        0,
        0,
        0,
        0,
        0,
        0,
        0,
        0,
        0,
        0,
        0,
        0,
        0,
        0,
        0,
        0,
        0,
        0,
        0,
        0,
        0,
        0,
        0,
        0,
        0,
        0,
        0,
        0,
        0,
        0,
        0,
        0,
        0,
        0,
        0,
        0,
        0,
        0,
        0,
        0,
        0,
        0,
        0,
        0,
        0,
        0,
        0,
        0,
        0,
        0,
        0,
        0,
        0,
        0,
        0,
        0,
        0,
        0,
        0,
        0,
        0,
        0,
        0,
        0,
        0,
        0,
        0,
        0,
        0,
        0,
        0,
        0,
        0,
        0,
        0,
        0,
        0,
        0,
        0,
        0,
        0,
        0,
        0,
        0,
        0,
        0,
        0,
        0,
        0,
        0,
        0,
        0,
        0,
        0,
        0,
        0,
        0,
        0,
        0,
        0,
        0,
        0,
        0,
        0,
        0,
        0,
        0,
        0,
        0,
        0,
        0,
        0,
        0,
        0,
        0,
        0,
        0,
        0,
        0,
        0,
        0,
        0,
        0,
        0,
        0,
        0,
        0,
        0,
        0,
        0,
        0,
        0,
        0,
        0,
        0,
        0,
        0,
        0,
        0,
        0,
        0,
        0,
        0,
        0,
        0,
        0,
        0,
        0,
        0,
        0,
        0,
        0,
        0,
        0,
        0,
        0,
        0,
        0,
        0,
        0,
        0,
        0,
        0,
        0,
        0,
        0,
        0,
        0,
        0,
        0,
        0,
        0,
        0,
        0,
        0,
        0,
        0,
        0,
        0,
        0,
        0,
        0,
        0,
        0,
        0,
        0,
        0,
        0,
        0,
        0,
        0,
        0,
        0,
        0,
        0,
        0,
        0,
        0,
        0,
        0,
        0,
        0,
        0,
        0,
        0,
        0,
        0,
        0,
        0,
        0,
        0,
        0,
        0,
        0,
        0,
        0,
        0,
        0,
        0,
        0,
        0,
        0,
        0,
        0,
        0,
        0,
        0,
        0,
        0,
        0,
        0,
        0,
        0,
        0,
        0,
        0,
        0,
        0,
        0,
        0,
        0,
        0,
        0,
        0,
        0,
        0,
        0,
        0,
        0,
        0,
        0,
        0,
        0,
        0,
        0,
        0,
        0,
        0,
        0,
        0,
        0,
        0,
        0,
        0,
        0,
        0,
        0,
        0,
        0,
        0,
        0,
        0,
        0,
        0,
        0,
        0,
        0,
        0,
        0,
        0,
        0,
        0,
        0,
        0,
        0,
        0,
        0,
        0,
        0,
        0,
        0,
        0,
        0,
        0,
        0,
        0,
        0,
        0,
        0,
        0,
        0,
        0,
        0,
        0,
        0,
        0,
        0,
        0,
        0,
        0,
        0,
        0,
        0,
        0,
        0,
        0,
        0,
        0,
        0,
        0,
        0,
        0,
        0,
        0,
        0,
        0,
        0,
        0,
        0,
        0,
        0,
        0,
        0,
        0,
        0,
        0,
        0,
        0,
        0,
        0,
        0,
        0,
        0,
        0,
        0,
        0,
        0,
        0,
        0,
        0,
        0,
        0,
        0,
        0,
        0,
        0,
        0,
        0,
        0,
        0,
        0,
        0,
        0,
        0,
        0,
        0,
        0,
        0,
        0,
        0,
        0,
        0,
        0,
        0,
        0,
        0,
        0,
        0,
        0,
        0,
        0,
        0,
        0,
        0,
        0,
        0,
        0,
        0,
        0,
        0,
        0,
        0,
        0,
        0,
        0,
        0,
        0,
        0,
        0,
        0,
        0,
        0,
        0,
        0,
        0,
        0,
        0,
        0,
        0,
        0,
        0,
        0,
        0,
        0,
        0,
        0,
        0,
        0,
        0,
        0,
        0,
        0,
        0,
        0,
        0,
        0,
        0,
        0,
        0,
        0,
        0,
        0,
        0,
        0,
        0,
        0,
        0,
        0,
        0,
        0,
        0,
        0,
        0,
        0,
        0,
        0,
        0,
        0,
        0,
        0,
        0,
        0,
        0,
        0,
        0,
        0,
        0
    ],
    "y_test": [
        0,
        0,
        0,
        0,
        0,
        0,
        1,
        0,
        0,
        0,
        0,
        0,
        0,
        0,
        0,
        0,
        0,
        0,
        0,
        0,
        0,
        0,
        0,
        0,
        0,
        0,
        0,
        0,
        0,
        0,
        0,
        0,
        0,
        0,
        1,
        0,
        0,
        0,
        0,
        0,
        0,
        0,
        0,
        0,
        0,
        1,
        0,
        0,
        0,
        0,
        0,
        0,
        0,
        1,
        0,
        0,
        0,
        0,
        0,
        1,
        0,
        0,
        0,
        0,
        1,
        0,
        0,
        0,
        0,
        1,
        0,
        0,
        0,
        0,
        0,
        0,
        0,
        0,
        0,
        1,
        0,
        1,
        0,
        1,
        0,
        0,
        0,
        0,
        0,
        0,
        0,
        0,
        0,
        0,
        0,
        0,
        0,
        0,
        0,
        1,
        0,
        0,
        0,
        0,
        0,
        0,
        0,
        0,
        0,
        0,
        0,
        1,
        0,
        0,
        0,
        0,
        0,
        0,
        0,
        0,
        0,
        0,
        0,
        0,
        0,
        0,
        0,
        0,
        0,
        0,
        0,
        1,
        0,
        0,
        0,
        0,
        0,
        0,
        0,
        0,
        0,
        0,
        0,
        1,
        0,
        0,
        0,
        0,
        0,
        0,
        0,
        0,
        0,
        0,
        1,
        0,
        0,
        0,
        1,
        0,
        0,
        0,
        0,
        0,
        0,
        0,
        0,
        0,
        0,
        0,
        0,
        0,
        0,
        0,
        0,
        0,
        0,
        0,
        1,
        0,
        0,
        0,
        0,
        1,
        0,
        1,
        0,
        0,
        0,
        0,
        0,
        0,
        0,
        0,
        0,
        0,
        0,
        0,
        0,
        0,
        0,
        0,
        1,
        0,
        0,
        1,
        0,
        0,
        0,
        0,
        0,
        0,
        0,
        0,
        0,
        0,
        0,
        0,
        0,
        0,
        0,
        0,
        0,
        0,
        0,
        0,
        0,
        0,
        0,
        0,
        0,
        0,
        0,
        1,
        0,
        0,
        0,
        0,
        1,
        0,
        0,
        0,
        1,
        1,
        0,
        0,
        0,
        0,
        0,
        0,
        0,
        0,
        0,
        1,
        0,
        0,
        0,
        0,
        0,
        0,
        0,
        0,
        0,
        0,
        0,
        0,
        0,
        0,
        0,
        0,
        0,
        0,
        0,
        0,
        0,
        0,
        0,
        0,
        0,
        0,
        0,
        0,
        1,
        0,
        0,
        0,
        0,
        1,
        0,
        0,
        0,
        0,
        0,
        0,
        0,
        1,
        0,
        0,
        0,
        0,
        0,
        0,
        0,
        0,
        0,
        0,
        0,
        0,
        0,
        0,
        0,
        0,
        0,
        1,
        0,
        0,
        0,
        0,
        0,
        0,
        0,
        0,
        0,
        0,
        1,
        0,
        0,
        0,
        0,
        0,
        0,
        0,
        0,
        0,
        0,
        0,
        0,
        0,
        0,
        0,
        1,
        0,
        0,
        0,
        0,
        0,
        1,
        0,
        1,
        0,
        0,
        0,
        0,
        0,
        0,
        1,
        0,
        0,
        1,
        0,
        0,
        0,
        0,
        0,
        0,
        0,
        0,
        0,
        0,
        0,
        0,
        0,
        0,
        0,
        0,
        0,
        0,
        0,
        0,
        1,
        0,
        0,
        0,
        0,
        0,
        0,
        0,
        0,
        1,
        1,
        0,
        0,
        0,
        0,
        0,
        0,
        0,
        0,
        0,
        0,
        0,
        0,
        0,
        1,
        1,
        0,
        0,
        0,
        0,
        0,
        0,
        0,
        1,
        0,
        0,
        0,
        0,
        1,
        0,
        0,
        0,
        0,
        1,
        0,
        0,
        0,
        0,
        1,
        1,
        0,
        1,
        0,
        0,
        1,
        0,
        0,
        0,
        0,
        1,
        0,
        0,
        0,
        0,
        0,
        0,
        1,
        0,
        0,
        1,
        0,
        0,
        1,
        1,
        0,
        0,
        0,
        0,
        0,
        0,
        0,
        0,
        1,
        0,
        1,
        0,
        0,
        1,
        0,
        0,
        0,
        0,
        0,
        0,
        0,
        0,
        0,
        0,
        0,
        0,
        0,
        0,
        0,
        0,
        0,
        0,
        0,
        1,
        0,
        0,
        0,
        0,
        0,
        0,
        0,
        1,
        0,
        0,
        0,
        0,
        0,
        0,
        0,
        0,
        0,
        0,
        0,
        0,
        0,
        0,
        0,
        0,
        0,
        0,
        0,
        0,
        0,
        0,
        0,
        0,
        0,
        0,
        0,
        0,
        1,
        0,
        0,
        1,
        0,
        0,
        0,
        0,
        0,
        0,
        0,
        0,
        1,
        0,
        0,
        1,
        0,
        0,
        0,
        0,
        0,
        0,
        0,
        1,
        0,
        0,
        0,
        0,
        0,
        0,
        0,
        0,
        0,
        0,
        0,
        1,
        0,
        0,
        0,
        0,
        0,
        0,
        0,
        0,
        0,
        0,
        0
    ],
    "accuracy": 0.887719298245614,
    "auprc": 0.5570013581867489,
    "auroc": 0.830857831027668
}