{
    "site": "DRIAMS-A",
    "seed": 35,
    "model": "rf",
    "antibiotic": "Amoxicillin-Clavulanic acid",
    "species": "Klebsiella pneumoniae",
    "years": [
        "2015",
        "2016",
        "2017",
        "2018"
    ],
    "metadata_versions": {
        "2015_clean.csv": "d022b7aaae8f97f37ec499a0baa1d6428d83cf53",
        "2016_clean.csv": "b64ae1e31e21b47b929bac6d65809c2e4ef4ad41",
        "2017_clean.csv": "b4dbecce8033e52e32970c3e8652b9f6c7aa2bee",
        "2018_clean.csv": "fb9d669527d73d55719bf15d544620fbf45f1f2e"
    },
    "best_params": {
        "rf__bootstrap": false,
        "rf__criterion": "entropy",
        "rf__max_features": "auto",
        "rf__n_estimators": 200
    },
    "y_score": [
        [
            0.835,
            0.165
        ],
        [
            0.91,
            0.09
        ],
        [
            0.89,
            0.11
        ],
        [
            0.58,
            0.42
        ],
        [
            0.82,
            0.18
        ],
        [
            0.525,
            0.475
        ],
        [
            0.935,
            0.065
        ],
        [
            0.91,
            0.09
        ],
        [
            0.75,
            0.25
        ],
        [
            0.885,
            0.115
        ],
        [
            0.85,
            0.15
        ],
        [
            0.855,
            0.145
        ],
        [
            0.76,
            0.24
        ],
        [
            0.89,
            0.11
        ],
        [
            0.94,
            0.06
        ],
        [
            0.74,
            0.26
        ],
        [
            0.87,
            0.13
        ],
        [
            0.8,
            0.2
        ],
        [
            0.815,
            0.185
        ],
        [
            0.835,
            0.165
        ],
        [
            0.79,
            0.21
        ],
        [
            0.81,
            0.19
        ],
        [
            0.8,
            0.2
        ],
        [
            0.89,
            0.11
        ],
        [
            0.89,
            0.11
        ],
        [
            0.825,
            0.175
        ],
        [
            0.78,
            0.22
        ],
        [
            0.66,
            0.34
        ],
        [
            0.8,
            0.2
        ],
        [
            0.9,
            0.1
        ],
        [
            0.85,
            0.15
        ],
        [
            0.9,
            0.1
        ],
        [
            0.61,
            0.39
        ],
        [
            0.835,
            0.165
        ],
        [
            0.92,
            0.08
        ],
        [
            0.895,
            0.105
        ],
        [
            0.78,
            0.22
        ],
        [
            0.835,
            0.165
        ],
        [
            0.8,
            0.2
        ],
        [
            0.83,
            0.17
        ],
        [
            0.835,
            0.165
        ],
        [
            0.86,
            0.14
        ],
        [
            0.8,
            0.2
        ],
        [
            0.88,
            0.12
        ],
        [
            0.84,
            0.16
        ],
        [
            0.76,
            0.24
        ],
        [
            0.885,
            0.115
        ],
        [
            0.825,
            0.175
        ],
        [
            0.765,
            0.235
        ],
        [
            0.745,
            0.255
        ],
        [
            0.83,
            0.17
        ],
        [
            0.825,
            0.175
        ],
        [
            0.765,
            0.235
        ],
        [
            0.855,
            0.145
        ],
        [
            0.7,
            0.3
        ],
        [
            0.92,
            0.08
        ],
        [
            0.755,
            0.245
        ],
        [
            0.895,
            0.105
        ],
        [
            0.84,
            0.16
        ],
        [
            0.855,
            0.145
        ],
        [
            0.84,
            0.16
        ],
        [
            0.87,
            0.13
        ],
        [
            0.795,
            0.205
        ],
        [
            0.82,
            0.18
        ],
        [
            0.81,
            0.19
        ],
        [
            0.82,
            0.18
        ],
        [
            0.86,
            0.14
        ],
        [
            0.795,
            0.205
        ],
        [
            0.855,
            0.145
        ],
        [
            0.885,
            0.115
        ],
        [
            0.865,
            0.135
        ],
        [
            0.845,
            0.155
        ],
        [
            0.845,
            0.155
        ],
        [
            0.79,
            0.21
        ],
        [
            0.85,
            0.15
        ],
        [
            0.9,
            0.1
        ],
        [
            0.755,
            0.245
        ],
        [
            0.87,
            0.13
        ],
        [
            0.835,
            0.165
        ],
        [
            0.635,
            0.365
        ],
        [
            0.87,
            0.13
        ],
        [
            0.905,
            0.095
        ],
        [
            0.845,
            0.155
        ],
        [
            0.835,
            0.165
        ],
        [
            0.73,
            0.27
        ],
        [
            0.89,
            0.11
        ],
        [
            0.895,
            0.105
        ],
        [
            0.885,
            0.115
        ],
        [
            0.7,
            0.3
        ],
        [
            0.88,
            0.12
        ],
        [
            0.855,
            0.145
        ],
        [
            0.84,
            0.16
        ],
        [
            0.675,
            0.325
        ],
        [
            0.885,
            0.115
        ],
        [
            0.525,
            0.475
        ],
        [
            0.835,
            0.165
        ],
        [
            0.76,
            0.24
        ],
        [
            0.825,
            0.175
        ],
        [
            0.82,
            0.18
        ],
        [
            0.79,
            0.21
        ],
        [
            0.73,
            0.27
        ],
        [
            0.875,
            0.125
        ],
        [
            0.715,
            0.285
        ],
        [
            0.78,
            0.22
        ],
        [
            0.875,
            0.125
        ],
        [
            0.85,
            0.15
        ],
        [
            0.91,
            0.09
        ],
        [
            0.57,
            0.43
        ],
        [
            0.85,
            0.15
        ],
        [
            0.835,
            0.165
        ],
        [
            0.82,
            0.18
        ],
        [
            0.805,
            0.195
        ],
        [
            0.735,
            0.265
        ],
        [
            0.81,
            0.19
        ],
        [
            0.705,
            0.295
        ],
        [
            0.855,
            0.145
        ],
        [
            0.925,
            0.075
        ],
        [
            0.845,
            0.155
        ],
        [
            0.85,
            0.15
        ],
        [
            0.83,
            0.17
        ],
        [
            0.83,
            0.17
        ],
        [
            0.8,
            0.2
        ],
        [
            0.675,
            0.325
        ],
        [
            0.83,
            0.17
        ],
        [
            0.905,
            0.095
        ],
        [
            0.82,
            0.18
        ],
        [
            0.895,
            0.105
        ],
        [
            0.805,
            0.195
        ],
        [
            0.795,
            0.205
        ],
        [
            0.835,
            0.165
        ],
        [
            0.915,
            0.085
        ],
        [
            0.62,
            0.38
        ],
        [
            0.84,
            0.16
        ],
        [
            0.84,
            0.16
        ],
        [
            0.86,
            0.14
        ],
        [
            0.845,
            0.155
        ],
        [
            0.9,
            0.1
        ],
        [
            0.815,
            0.185
        ],
        [
            0.8,
            0.2
        ],
        [
            0.76,
            0.24
        ],
        [
            0.79,
            0.21
        ],
        [
            0.89,
            0.11
        ],
        [
            0.82,
            0.18
        ],
        [
            0.84,
            0.16
        ],
        [
            0.87,
            0.13
        ],
        [
            0.635,
            0.365
        ],
        [
            0.805,
            0.195
        ],
        [
            0.905,
            0.095
        ],
        [
            0.845,
            0.155
        ],
        [
            0.825,
            0.175
        ],
        [
            0.875,
            0.125
        ],
        [
            0.875,
            0.125
        ],
        [
            0.755,
            0.245
        ],
        [
            0.87,
            0.13
        ],
        [
            0.91,
            0.09
        ],
        [
            0.815,
            0.185
        ],
        [
            0.885,
            0.115
        ],
        [
            0.92,
            0.08
        ],
        [
            0.935,
            0.065
        ],
        [
            0.84,
            0.16
        ],
        [
            0.6,
            0.4
        ],
        [
            0.905,
            0.095
        ],
        [
            0.905,
            0.095
        ],
        [
            0.84,
            0.16
        ],
        [
            0.835,
            0.165
        ],
        [
            0.84,
            0.16
        ],
        [
            0.84,
            0.16
        ],
        [
            0.865,
            0.135
        ],
        [
            0.675,
            0.325
        ],
        [
            0.905,
            0.095
        ],
        [
            0.815,
            0.185
        ],
        [
            0.815,
            0.185
        ],
        [
            0.815,
            0.185
        ],
        [
            0.85,
            0.15
        ],
        [
            0.91,
            0.09
        ],
        [
            0.85,
            0.15
        ],
        [
            0.825,
            0.175
        ],
        [
            0.82,
            0.18
        ],
        [
            0.825,
            0.175
        ],
        [
            0.87,
            0.13
        ],
        [
            0.79,
            0.21
        ],
        [
            0.82,
            0.18
        ],
        [
            0.81,
            0.19
        ],
        [
            0.73,
            0.27
        ],
        [
            0.925,
            0.075
        ],
        [
            0.86,
            0.14
        ],
        [
            0.8,
            0.2
        ],
        [
            0.785,
            0.215
        ],
        [
            0.895,
            0.105
        ],
        [
            0.93,
            0.07
        ],
        [
            0.835,
            0.165
        ],
        [
            0.805,
            0.195
        ],
        [
            0.825,
            0.175
        ],
        [
            0.835,
            0.165
        ],
        [
            0.88,
            0.12
        ],
        [
            0.525,
            0.475
        ],
        [
            0.825,
            0.175
        ],
        [
            0.845,
            0.155
        ],
        [
            0.88,
            0.12
        ],
        [
            0.87,
            0.13
        ],
        [
            0.855,
            0.145
        ],
        [
            0.81,
            0.19
        ],
        [
            0.82,
            0.18
        ],
        [
            0.835,
            0.165
        ],
        [
            0.855,
            0.145
        ],
        [
            0.95,
            0.05
        ],
        [
            0.78,
            0.22
        ],
        [
            0.825,
            0.175
        ],
        [
            0.845,
            0.155
        ],
        [
            0.945,
            0.055
        ],
        [
            0.845,
            0.155
        ],
        [
            0.795,
            0.205
        ],
        [
            0.68,
            0.32
        ],
        [
            0.8,
            0.2
        ],
        [
            0.815,
            0.185
        ],
        [
            0.9,
            0.1
        ],
        [
            0.835,
            0.165
        ],
        [
            0.7,
            0.3
        ],
        [
            0.835,
            0.165
        ],
        [
            0.875,
            0.125
        ],
        [
            0.68,
            0.32
        ],
        [
            0.805,
            0.195
        ],
        [
            0.88,
            0.12
        ],
        [
            0.83,
            0.17
        ],
        [
            0.805,
            0.195
        ],
        [
            0.865,
            0.135
        ],
        [
            0.76,
            0.24
        ],
        [
            0.93,
            0.07
        ],
        [
            0.4,
            0.6
        ],
        [
            0.885,
            0.115
        ],
        [
            0.79,
            0.21
        ],
        [
            0.88,
            0.12
        ],
        [
            0.71,
            0.29
        ],
        [
            0.85,
            0.15
        ],
        [
            0.775,
            0.225
        ],
        [
            0.86,
            0.14
        ],
        [
            0.825,
            0.175
        ],
        [
            0.89,
            0.11
        ],
        [
            0.795,
            0.205
        ],
        [
            0.715,
            0.285
        ],
        [
            0.78,
            0.22
        ],
        [
            0.87,
            0.13
        ],
        [
            0.885,
            0.115
        ],
        [
            0.88,
            0.12
        ],
        [
            0.81,
            0.19
        ],
        [
            0.52,
            0.48
        ],
        [
            0.89,
            0.11
        ],
        [
            0.51,
            0.49
        ],
        [
            0.83,
            0.17
        ],
        [
            0.695,
            0.305
        ],
        [
            0.765,
            0.235
        ],
        [
            0.685,
            0.315
        ],
        [
            0.815,
            0.185
        ],
        [
            0.715,
            0.285
        ],
        [
            0.82,
            0.18
        ],
        [
            0.915,
            0.085
        ],
        [
            0.83,
            0.17
        ],
        [
            0.885,
            0.115
        ],
        [
            0.835,
            0.165
        ],
        [
            0.885,
            0.115
        ],
        [
            0.8,
            0.2
        ],
        [
            0.74,
            0.26
        ],
        [
            0.845,
            0.155
        ],
        [
            0.85,
            0.15
        ],
        [
            0.785,
            0.215
        ],
        [
            0.91,
            0.09
        ],
        [
            0.77,
            0.23
        ],
        [
            0.925,
            0.075
        ],
        [
            0.865,
            0.135
        ],
        [
            0.845,
            0.155
        ],
        [
            0.745,
            0.255
        ],
        [
            0.88,
            0.12
        ],
        [
            0.745,
            0.255
        ],
        [
            0.885,
            0.115
        ],
        [
            0.66,
            0.34
        ],
        [
            0.745,
            0.255
        ],
        [
            0.805,
            0.195
        ],
        [
            0.825,
            0.175
        ],
        [
            0.82,
            0.18
        ],
        [
            0.87,
            0.13
        ],
        [
            0.825,
            0.175
        ],
        [
            0.815,
            0.185
        ],
        [
            0.7,
            0.3
        ],
        [
            0.855,
            0.145
        ],
        [
            0.865,
            0.135
        ],
        [
            0.675,
            0.325
        ],
        [
            0.83,
            0.17
        ],
        [
            0.81,
            0.19
        ],
        [
            0.845,
            0.155
        ],
        [
            0.835,
            0.165
        ],
        [
            0.845,
            0.155
        ],
        [
            0.865,
            0.135
        ],
        [
            0.775,
            0.225
        ],
        [
            0.86,
            0.14
        ],
        [
            0.825,
            0.175
        ],
        [
            0.815,
            0.185
        ],
        [
            0.86,
            0.14
        ],
        [
            0.865,
            0.135
        ],
        [
            0.59,
            0.41
        ],
        [
            0.895,
            0.105
        ],
        [
            0.855,
            0.145
        ],
        [
            0.765,
            0.235
        ],
        [
            0.75,
            0.25
        ],
        [
            0.875,
            0.125
        ],
        [
            0.89,
            0.11
        ],
        [
            0.835,
            0.165
        ],
        [
            0.685,
            0.315
        ],
        [
            0.88,
            0.12
        ],
        [
            0.905,
            0.095
        ],
        [
            0.83,
            0.17
        ],
        [
            0.845,
            0.155
        ],
        [
            0.795,
            0.205
        ],
        [
            0.94,
            0.06
        ],
        [
            0.78,
            0.22
        ],
        [
            0.845,
            0.155
        ],
        [
            0.85,
            0.15
        ],
        [
            0.88,
            0.12
        ],
        [
            0.79,
            0.21
        ],
        [
            0.835,
            0.165
        ],
        [
            0.76,
            0.24
        ],
        [
            0.78,
            0.22
        ],
        [
            0.76,
            0.24
        ],
        [
            0.795,
            0.205
        ],
        [
            0.805,
            0.195
        ],
        [
            0.84,
            0.16
        ],
        [
            0.805,
            0.195
        ],
        [
            0.865,
            0.135
        ],
        [
            0.885,
            0.115
        ],
        [
            0.78,
            0.22
        ],
        [
            0.85,
            0.15
        ],
        [
            0.815,
            0.185
        ],
        [
            0.87,
            0.13
        ],
        [
            0.82,
            0.18
        ],
        [
            0.84,
            0.16
        ],
        [
            0.89,
            0.11
        ],
        [
            0.89,
            0.11
        ],
        [
            0.9,
            0.1
        ],
        [
            0.9,
            0.1
        ],
        [
            0.825,
            0.175
        ],
        [
            0.805,
            0.195
        ],
        [
            0.93,
            0.07
        ],
        [
            0.84,
            0.16
        ],
        [
            0.805,
            0.195
        ],
        [
            0.93,
            0.07
        ],
        [
            0.845,
            0.155
        ],
        [
            0.88,
            0.12
        ],
        [
            0.84,
            0.16
        ],
        [
            0.735,
            0.265
        ],
        [
            0.565,
            0.435
        ],
        [
            0.85,
            0.15
        ],
        [
            0.93,
            0.07
        ],
        [
            0.8,
            0.2
        ],
        [
            0.8,
            0.2
        ],
        [
            0.87,
            0.13
        ],
        [
            0.82,
            0.18
        ],
        [
            0.58,
            0.42
        ],
        [
            0.9,
            0.1
        ],
        [
            0.835,
            0.165
        ],
        [
            0.74,
            0.26
        ],
        [
            0.885,
            0.115
        ],
        [
            0.935,
            0.065
        ],
        [
            0.85,
            0.15
        ],
        [
            0.85,
            0.15
        ],
        [
            0.685,
            0.315
        ],
        [
            0.79,
            0.21
        ],
        [
            0.775,
            0.225
        ],
        [
            0.625,
            0.375
        ],
        [
            0.64,
            0.36
        ],
        [
            0.88,
            0.12
        ],
        [
            0.875,
            0.125
        ],
        [
            0.77,
            0.23
        ],
        [
            0.875,
            0.125
        ],
        [
            0.875,
            0.125
        ],
        [
            0.875,
            0.125
        ],
        [
            0.9,
            0.1
        ],
        [
            0.795,
            0.205
        ],
        [
            0.685,
            0.315
        ],
        [
            0.795,
            0.205
        ],
        [
            0.81,
            0.19
        ],
        [
            0.895,
            0.105
        ],
        [
            0.835,
            0.165
        ],
        [
            0.83,
            0.17
        ],
        [
            0.89,
            0.11
        ],
        [
            0.845,
            0.155
        ],
        [
            0.885,
            0.115
        ],
        [
            0.855,
            0.145
        ],
        [
            0.855,
            0.145
        ],
        [
            0.56,
            0.44
        ],
        [
            0.86,
            0.14
        ],
        [
            0.885,
            0.115
        ],
        [
            0.62,
            0.38
        ],
        [
            0.8,
            0.2
        ],
        [
            0.87,
            0.13
        ],
        [
            0.92,
            0.08
        ],
        [
            0.825,
            0.175
        ],
        [
            0.875,
            0.125
        ],
        [
            0.605,
            0.395
        ],
        [
            0.915,
            0.085
        ],
        [
            0.45,
            0.55
        ],
        [
            0.87,
            0.13
        ],
        [
            0.81,
            0.19
        ],
        [
            0.835,
            0.165
        ],
        [
            0.9,
            0.1
        ],
        [
            0.825,
            0.175
        ],
        [
            0.91,
            0.09
        ],
        [
            0.8,
            0.2
        ],
        [
            0.86,
            0.14
        ],
        [
            0.765,
            0.235
        ],
        [
            0.965,
            0.035
        ],
        [
            0.9,
            0.1
        ],
        [
            0.875,
            0.125
        ],
        [
            0.83,
            0.17
        ],
        [
            0.855,
            0.145
        ],
        [
            0.88,
            0.12
        ],
        [
            0.805,
            0.195
        ],
        [
            0.785,
            0.215
        ],
        [
            0.825,
            0.175
        ],
        [
            0.565,
            0.435
        ],
        [
            0.935,
            0.065
        ],
        [
            0.795,
            0.205
        ],
        [
            0.86,
            0.14
        ],
        [
            0.79,
            0.21
        ],
        [
            0.79,
            0.21
        ],
        [
            0.67,
            0.33
        ],
        [
            0.79,
            0.21
        ],
        [
            0.915,
            0.085
        ],
        [
            0.77,
            0.23
        ],
        [
            0.85,
            0.15
        ],
        [
            0.8,
            0.2
        ],
        [
            0.865,
            0.135
        ],
        [
            0.86,
            0.14
        ],
        [
            0.725,
            0.275
        ],
        [
            0.83,
            0.17
        ],
        [
            0.84,
            0.16
        ],
        [
            0.755,
            0.245
        ],
        [
            0.86,
            0.14
        ],
        [
            0.815,
            0.185
        ],
        [
            0.725,
            0.275
        ],
        [
            0.735,
            0.265
        ],
        [
            0.795,
            0.205
        ],
        [
            0.875,
            0.125
        ],
        [
            0.9,
            0.1
        ],
        [
            0.9,
            0.1
        ],
        [
            0.875,
            0.125
        ],
        [
            0.855,
            0.145
        ],
        [
            0.765,
            0.235
        ],
        [
            0.835,
            0.165
        ],
        [
            0.84,
            0.16
        ],
        [
            0.83,
            0.17
        ],
        [
            0.8,
            0.2
        ],
        [
            0.91,
            0.09
        ],
        [
            0.86,
            0.14
        ],
        [
            0.94,
            0.06
        ],
        [
            0.88,
            0.12
        ],
        [
            0.865,
            0.135
        ],
        [
            0.93,
            0.07
        ],
        [
            0.85,
            0.15
        ],
        [
            0.73,
            0.27
        ],
        [
            0.745,
            0.255
        ],
        [
            0.87,
            0.13
        ],
        [
            0.78,
            0.22
        ],
        [
            0.825,
            0.175
        ],
        [
            0.725,
            0.275
        ],
        [
            0.945,
            0.055
        ],
        [
            0.875,
            0.125
        ],
        [
            0.835,
            0.165
        ],
        [
            0.865,
            0.135
        ],
        [
            0.835,
            0.165
        ],
        [
            0.435,
            0.565
        ],
        [
            0.895,
            0.105
        ],
        [
            0.795,
            0.205
        ],
        [
            0.685,
            0.315
        ],
        [
            0.63,
            0.37
        ],
        [
            0.575,
            0.425
        ],
        [
            0.785,
            0.215
        ],
        [
            0.775,
            0.225
        ],
        [
            0.785,
            0.215
        ],
        [
            0.74,
            0.26
        ],
        [
            0.84,
            0.16
        ],
        [
            0.835,
            0.165
        ],
        [
            0.87,
            0.13
        ],
        [
            0.75,
            0.25
        ],
        [
            0.745,
            0.255
        ],
        [
            0.885,
            0.115
        ],
        [
            0.845,
            0.155
        ],
        [
            0.785,
            0.215
        ],
        [
            0.815,
            0.185
        ],
        [
            0.845,
            0.155
        ],
        [
            0.855,
            0.145
        ],
        [
            0.87,
            0.13
        ],
        [
            0.86,
            0.14
        ],
        [
            0.855,
            0.145
        ],
        [
            0.855,
            0.145
        ],
        [
            0.805,
            0.195
        ],
        [
            0.86,
            0.14
        ],
        [
            0.855,
            0.145
        ],
        [
            0.79,
            0.21
        ],
        [
            0.83,
            0.17
        ],
        [
            0.865,
            0.135
        ],
        [
            0.88,
            0.12
        ],
        [
            0.445,
            0.555
        ],
        [
            0.645,
            0.355
        ],
        [
            0.87,
            0.13
        ],
        [
            0.875,
            0.125
        ],
        [
            0.87,
            0.13
        ],
        [
            0.92,
            0.08
        ],
        [
            0.82,
            0.18
        ],
        [
            0.9,
            0.1
        ],
        [
            0.855,
            0.145
        ],
        [
            0.885,
            0.115
        ],
        [
            0.715,
            0.285
        ],
        [
            0.88,
            0.12
        ],
        [
            0.825,
            0.175
        ],
        [
            0.875,
            0.125
        ],
        [
            0.88,
            0.12
        ],
        [
            0.84,
            0.16
        ],
        [
            0.85,
            0.15
        ],
        [
            0.415,
            0.585
        ],
        [
            0.855,
            0.145
        ],
        [
            0.8,
            0.2
        ],
        [
            0.89,
            0.11
        ],
        [
            0.755,
            0.245
        ],
        [
            0.865,
            0.135
        ],
        [
            0.88,
            0.12
        ],
        [
            0.875,
            0.125
        ],
        [
            0.735,
            0.265
        ],
        [
            0.86,
            0.14
        ],
        [
            0.85,
            0.15
        ],
        [
            0.905,
            0.095
        ],
        [
            0.77,
            0.23
        ],
        [
            0.86,
            0.14
        ],
        [
            0.77,
            0.23
        ],
        [
            0.865,
            0.135
        ],
        [
            0.87,
            0.13
        ],
        [
            0.87,
            0.13
        ],
        [
            0.905,
            0.095
        ],
        [
            0.885,
            0.115
        ],
        [
            0.845,
            0.155
        ],
        [
            0.83,
            0.17
        ],
        [
            0.81,
            0.19
        ],
        [
            0.845,
            0.155
        ],
        [
            0.915,
            0.085
        ],
        [
            0.71,
            0.29
        ],
        [
            0.87,
            0.13
        ],
        [
            0.86,
            0.14
        ],
        [
            0.88,
            0.12
        ],
        [
            0.905,
            0.095
        ],
        [
            0.74,
            0.26
        ],
        [
            0.82,
            0.18
        ],
        [
            0.89,
            0.11
        ],
        [
            0.82,
            0.18
        ],
        [
            0.85,
            0.15
        ],
        [
            0.895,
            0.105
        ],
        [
            0.86,
            0.14
        ],
        [
            0.79,
            0.21
        ],
        [
            0.88,
            0.12
        ],
        [
            0.765,
            0.235
        ],
        [
            0.83,
            0.17
        ],
        [
            0.79,
            0.21
        ],
        [
            0.91,
            0.09
        ],
        [
            0.81,
            0.19
        ],
        [
            0.89,
            0.11
        ],
        [
            0.87,
            0.13
        ],
        [
            0.795,
            0.205
        ],
        [
            0.87,
            0.13
        ],
        [
            0.525,
            0.475
        ],
        [
            0.685,
            0.315
        ],
        [
            0.795,
            0.205
        ]
    ],
    "y_pred": [
        0,
        0,
        0,
        0,
        0,
        0,
        0,
        0,
        0,
        0,
        0,
        0,
        0,
        0,
        0,
        0,
        0,
        0,
        0,
        0,
        0,
        0,
        0,
        0,
        0,
        0,
        0,
        0,
        0,
        0,
        0,
        0,
        0,
        0,
        0,
        0,
        0,
        0,
        0,
        0,
        0,
        0,
        0,
        0,
        0,
        0,
        0,
        0,
        0,
        0,
        0,
        0,
        0,
        0,
        0,
        0,
        0,
        0,
        0,
        0,
        0,
        0,
        0,
        0,
        0,
        0,
        0,
        0,
        0,
        0,
        0,
        0,
        0,
        0,
        0,
        0,
        0,
        0,
        0,
        0,
        0,
        0,
        0,
        0,
        0,
        0,
        0,
        0,
        0,
        0,
        0,
        0,
        0,
        0,
        0,
        0,
        0,
        0,
        0,
        0,
        0,
        0,
        0,
        0,
        0,
        0,
        0,
        0,
        0,
        0,
        0,
        0,
        0,
        0,
        0,
        0,
        0,
        0,
        0,
        0,
        0,
        0,
        0,
        0,
        0,
        0,
        0,
        0,
        0,
        0,
        0,
        0,
        0,
        0,
        0,
        0,
        0,
        0,
        0,
        0,
        0,
        0,
        0,
        0,
        0,
        0,
        0,
        0,
        0,
        0,
        0,
        0,
        0,
        0,
        0,
        0,
        0,
        0,
        0,
        0,
        0,
        0,
        0,
        0,
        0,
        0,
        0,
        0,
        0,
        0,
        0,
        0,
        0,
        0,
        0,
        0,
        0,
        0,
        0,
        0,
        0,
        0,
        0,
        0,
        0,
        0,
        0,
        0,
        0,
        0,
        0,
        0,
        0,
        0,
        0,
        0,
        0,
        0,
        0,
        0,
        0,
        0,
        0,
        0,
        0,
        0,
        0,
        0,
        0,
        0,
        0,
        0,
        0,
        0,
        0,
        0,
        0,
        0,
        0,
        0,
        0,
        0,
        0,
        0,
        0,
        0,
        0,
        0,
        1,
        0,
        0,
        0,
        0,
        0,
        0,
        0,
        0,
        0,
        0,
        0,
        0,
        0,
        0,
        0,
        0,
        0,
        0,
        0,
        0,
        0,
        0,
        0,
        0,
        0,
        0,
        0,
        0,
        0,
        0,
        0,
        0,
        0,
        0,
        0,
        0,
        0,
        0,
        0,
        0,
        0,
        0,
        0,
        0,
        0,
        0,
        0,
        0,
        0,
        0,
        0,
        0,
        0,
        0,
        0,
        0,
        0,
        0,
        0,
        0,
        0,
        0,
        0,
        0,
        0,
        0,
        0,
        0,
        0,
        0,
        0,
        0,
        0,
        0,
        0,
        0,
        0,
        0,
        0,
        0,
        0,
        0,
        0,
        0,
        0,
        0,
        0,
        0,
        0,
        0,
        0,
        0,
        0,
        0,
        0,
        0,
        0,
        0,
        0,
        0,
        0,
        0,
        0,
        0,
        0,
        0,
        0,
        0,
        0,
        0,
        0,
        0,
        0,
        0,
        0,
        0,
        0,
        0,
        0,
        0,
        0,
        0,
        0,
        0,
        0,
        0,
        0,
        0,
        0,
        0,
        0,
        0,
        0,
        0,
        0,
        0,
        0,
        0,
        0,
        0,
        0,
        0,
        0,
        0,
        0,
        0,
        0,
        0,
        0,
        0,
        0,
        0,
        0,
        0,
        0,
        0,
        0,
        0,
        0,
        0,
        0,
        0,
        0,
        0,
        0,
        0,
        0,
        0,
        0,
        1,
        0,
        0,
        0,
        0,
        0,
        0,
        0,
        0,
        0,
        0,
        0,
        0,
        0,
        0,
        0,
        0,
        0,
        0,
        0,
        0,
        0,
        0,
        0,
        0,
        0,
        0,
        0,
        0,
        0,
        0,
        0,
        0,
        0,
        0,
        0,
        0,
        0,
        0,
        0,
        0,
        0,
        0,
        0,
        0,
        0,
        0,
        0,
        0,
        0,
        0,
        0,
        0,
        0,
        0,
        0,
        0,
        0,
        0,
        0,
        0,
        0,
        0,
        0,
        0,
        0,
        0,
        0,
        0,
        0,
        1,
        0,
        0,
        0,
        0,
        0,
        0,
        0,
        0,
        0,
        0,
        0,
        0,
        0,
        0,
        0,
        0,
        0,
        0,
        0,
        0,
        0,
        0,
        0,
        0,
        0,
        0,
        0,
        0,
        0,
        0,
        0,
        1,
        0,
        0,
        0,
        0,
        0,
        0,
        0,
        0,
        0,
        0,
        0,
        0,
        0,
        0,
        0,
        0,
        1,
        0,
        0,
        0,
        0,
        0,
        0,
        0,
        0,
        0,
        0,
        0,
        0,
        0,
        0,
        0,
        0,
        0,
        0,
        0,
        0,
        0,
        0,
        0,
        0,
        0,
        0,
        0,
        0,
        0,
        0,
        0,
        0,
        0,
        0,
        0,
        0,
        0,
        0,
        0,
        0,
        0,
        0,
        0,
        0,
        0,
        0,
        0,
        0,
        0,
        0
    ],
    "y_test": [
        0,
        0,
        0,
        1,
        0,
        1,
        0,
        0,
        1,
        0,
        0,
        0,
        0,
        0,
        0,
        1,
        1,
        0,
        0,
        0,
        0,
        0,
        0,
        0,
        0,
        0,
        0,
        1,
        0,
        0,
        1,
        0,
        1,
        0,
        0,
        0,
        0,
        0,
        0,
        0,
        0,
        0,
        0,
        0,
        0,
        0,
        0,
        0,
        0,
        1,
        0,
        0,
        1,
        0,
        1,
        1,
        1,
        0,
        0,
        0,
        0,
        0,
        1,
        1,
        0,
        0,
        0,
        0,
        0,
        1,
        0,
        0,
        0,
        0,
        0,
        0,
        1,
        0,
        0,
        0,
        0,
        0,
        0,
        0,
        0,
        0,
        0,
        0,
        1,
        0,
        0,
        0,
        1,
        0,
        1,
        0,
        0,
        0,
        0,
        0,
        0,
        1,
        0,
        1,
        0,
        0,
        0,
        1,
        0,
        0,
        0,
        0,
        1,
        0,
        0,
        1,
        0,
        0,
        0,
        1,
        0,
        0,
        1,
        0,
        0,
        1,
        0,
        0,
        0,
        0,
        0,
        1,
        0,
        0,
        0,
        0,
        0,
        0,
        0,
        0,
        0,
        0,
        0,
        0,
        0,
        1,
        0,
        0,
        1,
        0,
        0,
        0,
        0,
        0,
        0,
        0,
        0,
        0,
        0,
        0,
        1,
        0,
        0,
        0,
        0,
        0,
        0,
        0,
        1,
        0,
        0,
        0,
        0,
        0,
        0,
        0,
        1,
        0,
        0,
        0,
        1,
        0,
        0,
        1,
        0,
        0,
        0,
        0,
        0,
        0,
        0,
        0,
        0,
        0,
        1,
        1,
        0,
        0,
        0,
        0,
        0,
        0,
        1,
        0,
        0,
        0,
        0,
        0,
        0,
        0,
        0,
        0,
        1,
        0,
        1,
        0,
        1,
        0,
        0,
        1,
        0,
        1,
        0,
        0,
        0,
        0,
        1,
        0,
        1,
        0,
        0,
        0,
        1,
        0,
        1,
        1,
        0,
        0,
        0,
        1,
        0,
        0,
        0,
        0,
        1,
        1,
        0,
        0,
        0,
        1,
        1,
        1,
        0,
        1,
        0,
        0,
        0,
        1,
        0,
        0,
        0,
        1,
        0,
        0,
        0,
        0,
        1,
        0,
        0,
        0,
        1,
        0,
        0,
        0,
        0,
        1,
        0,
        0,
        0,
        0,
        0,
        0,
        1,
        0,
        0,
        1,
        0,
        1,
        0,
        0,
        0,
        0,
        0,
        0,
        0,
        0,
        0,
        0,
        0,
        0,
        0,
        1,
        0,
        0,
        1,
        0,
        1,
        0,
        0,
        0,
        0,
        0,
        0,
        0,
        0,
        0,
        0,
        0,
        0,
        0,
        0,
        0,
        0,
        0,
        0,
        0,
        1,
        0,
        0,
        0,
        0,
        0,
        0,
        0,
        0,
        0,
        0,
        0,
        0,
        0,
        0,
        0,
        0,
        0,
        0,
        0,
        0,
        0,
        0,
        0,
        0,
        0,
        0,
        0,
        0,
        1,
        0,
        1,
        0,
        0,
        0,
        0,
        0,
        0,
        0,
        0,
        0,
        1,
        0,
        0,
        1,
        0,
        0,
        0,
        0,
        0,
        0,
        0,
        0,
        0,
        0,
        0,
        0,
        0,
        0,
        0,
        0,
        0,
        0,
        0,
        1,
        0,
        0,
        0,
        0,
        0,
        1,
        0,
        1,
        0,
        1,
        0,
        0,
        0,
        0,
        0,
        0,
        1,
        0,
        0,
        0,
        0,
        1,
        0,
        0,
        0,
        0,
        1,
        0,
        0,
        0,
        0,
        0,
        0,
        0,
        0,
        0,
        0,
        0,
        0,
        0,
        1,
        0,
        0,
        0,
        0,
        0,
        1,
        0,
        0,
        1,
        0,
        0,
        0,
        0,
        0,
        0,
        0,
        0,
        0,
        0,
        0,
        0,
        0,
        0,
        0,
        0,
        1,
        1,
        0,
        0,
        0,
        0,
        0,
        0,
        0,
        0,
        0,
        1,
        0,
        0,
        1,
        0,
        1,
        0,
        0,
        0,
        0,
        1,
        0,
        0,
        0,
        0,
        0,
        1,
        1,
        1,
        1,
        0,
        0,
        0,
        0,
        0,
        0,
        0,
        0,
        0,
        0,
        0,
        0,
        1,
        1,
        0,
        1,
        0,
        0,
        0,
        0,
        0,
        0,
        0,
        0,
        0,
        1,
        0,
        0,
        0,
        1,
        0,
        1,
        0,
        0,
        0,
        0,
        0,
        0,
        0,
        0,
        0,
        1,
        1,
        0,
        0,
        0,
        0,
        0,
        0,
        0,
        0,
        1,
        0,
        0,
        1,
        0,
        0,
        0,
        0,
        0,
        0,
        0,
        0,
        0,
        0,
        0,
        0,
        1,
        0,
        0,
        0,
        1,
        0,
        0,
        0,
        0,
        0,
        1,
        1,
        1
    ],
    "accuracy": 0.8204225352112676,
    "auprc": 0.5718550181928835,
    "auroc": 0.7857157337766334
}