{
    "site": "DRIAMS-A",
    "seed": 188,
    "model": "rf",
    "antibiotic": "Penicillin",
    "species": "Staphylococcus aureus",
    "years": [
        "2015",
        "2016",
        "2017",
        "2018"
    ],
    "metadata_versions": {
        "2015_clean.csv": "d022b7aaae8f97f37ec499a0baa1d6428d83cf53",
        "2016_clean.csv": "b64ae1e31e21b47b929bac6d65809c2e4ef4ad41",
        "2017_clean.csv": "b4dbecce8033e52e32970c3e8652b9f6c7aa2bee",
        "2018_clean.csv": "fb9d669527d73d55719bf15d544620fbf45f1f2e"
    },
    "best_params": {
        "rf__bootstrap": false,
        "rf__criterion": "entropy",
        "rf__max_features": "auto",
        "rf__n_estimators": 200
    },
    "y_score": [
        [
            0.33,
            0.67
        ],
        [
            0.25,
            0.75
        ],
        [
            0.23,
            0.77
        ],
        [
            0.265,
            0.735
        ],
        [
            0.17,
            0.83
        ],
        [
            0.26,
            0.74
        ],
        [
            0.285,
            0.715
        ],
        [
            0.15,
            0.85
        ],
        [
            0.345,
            0.655
        ],
        [
            0.395,
            0.605
        ],
        [
            0.465,
            0.535
        ],
        [
            0.245,
            0.755
        ],
        [
            0.45,
            0.55
        ],
        [
            0.32,
            0.68
        ],
        [
            0.19,
            0.81
        ],
        [
            0.24,
            0.76
        ],
        [
            0.14,
            0.86
        ],
        [
            0.425,
            0.575
        ],
        [
            0.215,
            0.785
        ],
        [
            0.24,
            0.76
        ],
        [
            0.34,
            0.66
        ],
        [
            0.075,
            0.925
        ],
        [
            0.355,
            0.645
        ],
        [
            0.12,
            0.88
        ],
        [
            0.255,
            0.745
        ],
        [
            0.3,
            0.7
        ],
        [
            0.205,
            0.795
        ],
        [
            0.215,
            0.785
        ],
        [
            0.285,
            0.715
        ],
        [
            0.14,
            0.86
        ],
        [
            0.31,
            0.69
        ],
        [
            0.16,
            0.84
        ],
        [
            0.24,
            0.76
        ],
        [
            0.375,
            0.625
        ],
        [
            0.15,
            0.85
        ],
        [
            0.19,
            0.81
        ],
        [
            0.325,
            0.675
        ],
        [
            0.32,
            0.68
        ],
        [
            0.28,
            0.72
        ],
        [
            0.185,
            0.815
        ],
        [
            0.42,
            0.58
        ],
        [
            0.42,
            0.58
        ],
        [
            0.265,
            0.735
        ],
        [
            0.48,
            0.52
        ],
        [
            0.395,
            0.605
        ],
        [
            0.445,
            0.555
        ],
        [
            0.32,
            0.68
        ],
        [
            0.31,
            0.69
        ],
        [
            0.42,
            0.58
        ],
        [
            0.37,
            0.63
        ],
        [
            0.28,
            0.72
        ],
        [
            0.105,
            0.895
        ],
        [
            0.39,
            0.61
        ],
        [
            0.37,
            0.63
        ],
        [
            0.235,
            0.765
        ],
        [
            0.105,
            0.895
        ],
        [
            0.17,
            0.83
        ],
        [
            0.24,
            0.76
        ],
        [
            0.37,
            0.63
        ],
        [
            0.285,
            0.715
        ],
        [
            0.24,
            0.76
        ],
        [
            0.39,
            0.61
        ],
        [
            0.265,
            0.735
        ],
        [
            0.145,
            0.855
        ],
        [
            0.26,
            0.74
        ],
        [
            0.125,
            0.875
        ],
        [
            0.365,
            0.635
        ],
        [
            0.365,
            0.635
        ],
        [
            0.35,
            0.65
        ],
        [
            0.2,
            0.8
        ],
        [
            0.44,
            0.56
        ],
        [
            0.14,
            0.86
        ],
        [
            0.28,
            0.72
        ],
        [
            0.355,
            0.645
        ],
        [
            0.345,
            0.655
        ],
        [
            0.345,
            0.655
        ],
        [
            0.145,
            0.855
        ],
        [
            0.095,
            0.905
        ],
        [
            0.17,
            0.83
        ],
        [
            0.415,
            0.585
        ],
        [
            0.105,
            0.895
        ],
        [
            0.37,
            0.63
        ],
        [
            0.335,
            0.665
        ],
        [
            0.23,
            0.77
        ],
        [
            0.41,
            0.59
        ],
        [
            0.4,
            0.6
        ],
        [
            0.175,
            0.825
        ],
        [
            0.315,
            0.685
        ],
        [
            0.19,
            0.81
        ],
        [
            0.2,
            0.8
        ],
        [
            0.36,
            0.64
        ],
        [
            0.285,
            0.715
        ],
        [
            0.23,
            0.77
        ],
        [
            0.41,
            0.59
        ],
        [
            0.365,
            0.635
        ],
        [
            0.115,
            0.885
        ],
        [
            0.25,
            0.75
        ],
        [
            0.215,
            0.785
        ],
        [
            0.29,
            0.71
        ],
        [
            0.2,
            0.8
        ],
        [
            0.225,
            0.775
        ],
        [
            0.345,
            0.655
        ],
        [
            0.115,
            0.885
        ],
        [
            0.235,
            0.765
        ],
        [
            0.115,
            0.885
        ],
        [
            0.18,
            0.82
        ],
        [
            0.145,
            0.855
        ],
        [
            0.265,
            0.735
        ],
        [
            0.31,
            0.69
        ],
        [
            0.105,
            0.895
        ],
        [
            0.385,
            0.615
        ],
        [
            0.4,
            0.6
        ],
        [
            0.15,
            0.85
        ],
        [
            0.225,
            0.775
        ],
        [
            0.41,
            0.59
        ],
        [
            0.36,
            0.64
        ],
        [
            0.11,
            0.89
        ],
        [
            0.295,
            0.705
        ],
        [
            0.085,
            0.915
        ],
        [
            0.225,
            0.775
        ],
        [
            0.335,
            0.665
        ],
        [
            0.08,
            0.92
        ],
        [
            0.175,
            0.825
        ],
        [
            0.055,
            0.945
        ],
        [
            0.37,
            0.63
        ],
        [
            0.265,
            0.735
        ],
        [
            0.185,
            0.815
        ],
        [
            0.085,
            0.915
        ],
        [
            0.185,
            0.815
        ],
        [
            0.23,
            0.77
        ],
        [
            0.225,
            0.775
        ],
        [
            0.215,
            0.785
        ],
        [
            0.11,
            0.89
        ],
        [
            0.245,
            0.755
        ],
        [
            0.37,
            0.63
        ],
        [
            0.36,
            0.64
        ],
        [
            0.135,
            0.865
        ],
        [
            0.23,
            0.77
        ],
        [
            0.38,
            0.62
        ],
        [
            0.425,
            0.575
        ],
        [
            0.235,
            0.765
        ],
        [
            0.35,
            0.65
        ],
        [
            0.305,
            0.695
        ],
        [
            0.355,
            0.645
        ],
        [
            0.255,
            0.745
        ],
        [
            0.2,
            0.8
        ],
        [
            0.34,
            0.66
        ],
        [
            0.28,
            0.72
        ],
        [
            0.225,
            0.775
        ],
        [
            0.17,
            0.83
        ],
        [
            0.25,
            0.75
        ],
        [
            0.295,
            0.705
        ],
        [
            0.23,
            0.77
        ],
        [
            0.14,
            0.86
        ],
        [
            0.1,
            0.9
        ],
        [
            0.26,
            0.74
        ],
        [
            0.42,
            0.58
        ],
        [
            0.095,
            0.905
        ],
        [
            0.19,
            0.81
        ],
        [
            0.24,
            0.76
        ],
        [
            0.255,
            0.745
        ],
        [
            0.31,
            0.69
        ],
        [
            0.475,
            0.525
        ],
        [
            0.425,
            0.575
        ],
        [
            0.185,
            0.815
        ],
        [
            0.315,
            0.685
        ],
        [
            0.25,
            0.75
        ],
        [
            0.17,
            0.83
        ],
        [
            0.185,
            0.815
        ],
        [
            0.175,
            0.825
        ],
        [
            0.275,
            0.725
        ],
        [
            0.31,
            0.69
        ],
        [
            0.31,
            0.69
        ],
        [
            0.12,
            0.88
        ],
        [
            0.145,
            0.855
        ],
        [
            0.09,
            0.91
        ],
        [
            0.13,
            0.87
        ],
        [
            0.16,
            0.84
        ],
        [
            0.45,
            0.55
        ],
        [
            0.32,
            0.68
        ],
        [
            0.205,
            0.795
        ],
        [
            0.255,
            0.745
        ],
        [
            0.29,
            0.71
        ],
        [
            0.31,
            0.69
        ],
        [
            0.22,
            0.78
        ],
        [
            0.26,
            0.74
        ],
        [
            0.43,
            0.57
        ],
        [
            0.365,
            0.635
        ],
        [
            0.315,
            0.685
        ],
        [
            0.305,
            0.695
        ],
        [
            0.4,
            0.6
        ],
        [
            0.065,
            0.935
        ],
        [
            0.265,
            0.735
        ],
        [
            0.405,
            0.595
        ],
        [
            0.415,
            0.585
        ],
        [
            0.465,
            0.535
        ],
        [
            0.295,
            0.705
        ],
        [
            0.265,
            0.735
        ],
        [
            0.155,
            0.845
        ],
        [
            0.51,
            0.49
        ],
        [
            0.185,
            0.815
        ],
        [
            0.37,
            0.63
        ],
        [
            0.095,
            0.905
        ],
        [
            0.33,
            0.67
        ],
        [
            0.09,
            0.91
        ],
        [
            0.39,
            0.61
        ],
        [
            0.265,
            0.735
        ],
        [
            0.275,
            0.725
        ],
        [
            0.46,
            0.54
        ],
        [
            0.245,
            0.755
        ],
        [
            0.34,
            0.66
        ],
        [
            0.345,
            0.655
        ],
        [
            0.22,
            0.78
        ],
        [
            0.425,
            0.575
        ],
        [
            0.33,
            0.67
        ],
        [
            0.16,
            0.84
        ],
        [
            0.13,
            0.87
        ],
        [
            0.22,
            0.78
        ],
        [
            0.095,
            0.905
        ],
        [
            0.135,
            0.865
        ],
        [
            0.195,
            0.805
        ],
        [
            0.365,
            0.635
        ],
        [
            0.23,
            0.77
        ],
        [
            0.25,
            0.75
        ],
        [
            0.11,
            0.89
        ],
        [
            0.22,
            0.78
        ],
        [
            0.435,
            0.565
        ],
        [
            0.135,
            0.865
        ],
        [
            0.285,
            0.715
        ],
        [
            0.275,
            0.725
        ],
        [
            0.31,
            0.69
        ],
        [
            0.165,
            0.835
        ],
        [
            0.325,
            0.675
        ],
        [
            0.355,
            0.645
        ],
        [
            0.345,
            0.655
        ],
        [
            0.13,
            0.87
        ],
        [
            0.34,
            0.66
        ],
        [
            0.29,
            0.71
        ],
        [
            0.28,
            0.72
        ],
        [
            0.19,
            0.81
        ],
        [
            0.215,
            0.785
        ],
        [
            0.175,
            0.825
        ],
        [
            0.405,
            0.595
        ],
        [
            0.33,
            0.67
        ],
        [
            0.335,
            0.665
        ],
        [
            0.105,
            0.895
        ],
        [
            0.22,
            0.78
        ],
        [
            0.27,
            0.73
        ],
        [
            0.22,
            0.78
        ],
        [
            0.315,
            0.685
        ],
        [
            0.285,
            0.715
        ],
        [
            0.34,
            0.66
        ],
        [
            0.48,
            0.52
        ],
        [
            0.16,
            0.84
        ],
        [
            0.195,
            0.805
        ],
        [
            0.27,
            0.73
        ],
        [
            0.18,
            0.82
        ],
        [
            0.165,
            0.835
        ],
        [
            0.215,
            0.785
        ],
        [
            0.27,
            0.73
        ],
        [
            0.175,
            0.825
        ],
        [
            0.38,
            0.62
        ],
        [
            0.31,
            0.69
        ],
        [
            0.21,
            0.79
        ],
        [
            0.36,
            0.64
        ],
        [
            0.17,
            0.83
        ],
        [
            0.23,
            0.77
        ],
        [
            0.36,
            0.64
        ],
        [
            0.13,
            0.87
        ],
        [
            0.13,
            0.87
        ],
        [
            0.285,
            0.715
        ],
        [
            0.4,
            0.6
        ],
        [
            0.23,
            0.77
        ],
        [
            0.225,
            0.775
        ],
        [
            0.225,
            0.775
        ],
        [
            0.14,
            0.86
        ],
        [
            0.08,
            0.92
        ],
        [
            0.315,
            0.685
        ],
        [
            0.355,
            0.645
        ],
        [
            0.32,
            0.68
        ],
        [
            0.135,
            0.865
        ],
        [
            0.15,
            0.85
        ],
        [
            0.135,
            0.865
        ],
        [
            0.205,
            0.795
        ],
        [
            0.23,
            0.77
        ],
        [
            0.11,
            0.89
        ],
        [
            0.15,
            0.85
        ],
        [
            0.14,
            0.86
        ],
        [
            0.115,
            0.885
        ],
        [
            0.23,
            0.77
        ],
        [
            0.185,
            0.815
        ],
        [
            0.5,
            0.5
        ],
        [
            0.45,
            0.55
        ],
        [
            0.275,
            0.725
        ],
        [
            0.205,
            0.795
        ],
        [
            0.265,
            0.735
        ],
        [
            0.2,
            0.8
        ],
        [
            0.255,
            0.745
        ],
        [
            0.145,
            0.855
        ],
        [
            0.155,
            0.845
        ],
        [
            0.265,
            0.735
        ],
        [
            0.35,
            0.65
        ],
        [
            0.17,
            0.83
        ],
        [
            0.26,
            0.74
        ],
        [
            0.345,
            0.655
        ],
        [
            0.18,
            0.82
        ],
        [
            0.14,
            0.86
        ],
        [
            0.13,
            0.87
        ],
        [
            0.26,
            0.74
        ],
        [
            0.355,
            0.645
        ],
        [
            0.365,
            0.635
        ],
        [
            0.36,
            0.64
        ],
        [
            0.25,
            0.75
        ],
        [
            0.305,
            0.695
        ],
        [
            0.085,
            0.915
        ],
        [
            0.215,
            0.785
        ],
        [
            0.165,
            0.835
        ],
        [
            0.29,
            0.71
        ],
        [
            0.16,
            0.84
        ],
        [
            0.3,
            0.7
        ],
        [
            0.21,
            0.79
        ],
        [
            0.235,
            0.765
        ],
        [
            0.305,
            0.695
        ],
        [
            0.065,
            0.935
        ],
        [
            0.32,
            0.68
        ],
        [
            0.125,
            0.875
        ],
        [
            0.25,
            0.75
        ],
        [
            0.3,
            0.7
        ],
        [
            0.26,
            0.74
        ],
        [
            0.3,
            0.7
        ],
        [
            0.395,
            0.605
        ],
        [
            0.17,
            0.83
        ],
        [
            0.22,
            0.78
        ],
        [
            0.235,
            0.765
        ],
        [
            0.315,
            0.685
        ],
        [
            0.08,
            0.92
        ],
        [
            0.41,
            0.59
        ],
        [
            0.21,
            0.79
        ],
        [
            0.32,
            0.68
        ],
        [
            0.135,
            0.865
        ],
        [
            0.075,
            0.925
        ],
        [
            0.355,
            0.645
        ],
        [
            0.325,
            0.675
        ],
        [
            0.265,
            0.735
        ],
        [
            0.385,
            0.615
        ],
        [
            0.305,
            0.695
        ],
        [
            0.345,
            0.655
        ],
        [
            0.365,
            0.635
        ],
        [
            0.265,
            0.735
        ],
        [
            0.225,
            0.775
        ],
        [
            0.335,
            0.665
        ],
        [
            0.115,
            0.885
        ],
        [
            0.48,
            0.52
        ],
        [
            0.365,
            0.635
        ],
        [
            0.495,
            0.505
        ],
        [
            0.335,
            0.665
        ],
        [
            0.2,
            0.8
        ],
        [
            0.375,
            0.625
        ],
        [
            0.415,
            0.585
        ],
        [
            0.36,
            0.64
        ],
        [
            0.16,
            0.84
        ],
        [
            0.34,
            0.66
        ],
        [
            0.385,
            0.615
        ],
        [
            0.165,
            0.835
        ],
        [
            0.205,
            0.795
        ],
        [
            0.255,
            0.745
        ],
        [
            0.315,
            0.685
        ],
        [
            0.17,
            0.83
        ],
        [
            0.3,
            0.7
        ],
        [
            0.2,
            0.8
        ],
        [
            0.385,
            0.615
        ],
        [
            0.29,
            0.71
        ],
        [
            0.1,
            0.9
        ],
        [
            0.31,
            0.69
        ],
        [
            0.265,
            0.735
        ],
        [
            0.13,
            0.87
        ],
        [
            0.18,
            0.82
        ],
        [
            0.35,
            0.65
        ],
        [
            0.155,
            0.845
        ],
        [
            0.185,
            0.815
        ],
        [
            0.09,
            0.91
        ],
        [
            0.17,
            0.83
        ],
        [
            0.12,
            0.88
        ],
        [
            0.175,
            0.825
        ],
        [
            0.245,
            0.755
        ],
        [
            0.31,
            0.69
        ],
        [
            0.26,
            0.74
        ],
        [
            0.165,
            0.835
        ],
        [
            0.455,
            0.545
        ],
        [
            0.445,
            0.555
        ],
        [
            0.265,
            0.735
        ],
        [
            0.375,
            0.625
        ],
        [
            0.34,
            0.66
        ],
        [
            0.165,
            0.835
        ],
        [
            0.34,
            0.66
        ],
        [
            0.31,
            0.69
        ],
        [
            0.435,
            0.565
        ],
        [
            0.225,
            0.775
        ],
        [
            0.315,
            0.685
        ],
        [
            0.32,
            0.68
        ],
        [
            0.16,
            0.84
        ],
        [
            0.47,
            0.53
        ],
        [
            0.13,
            0.87
        ],
        [
            0.345,
            0.655
        ],
        [
            0.16,
            0.84
        ],
        [
            0.28,
            0.72
        ],
        [
            0.13,
            0.87
        ],
        [
            0.35,
            0.65
        ],
        [
            0.24,
            0.76
        ],
        [
            0.3,
            0.7
        ],
        [
            0.19,
            0.81
        ],
        [
            0.2,
            0.8
        ],
        [
            0.16,
            0.84
        ],
        [
            0.215,
            0.785
        ],
        [
            0.1,
            0.9
        ],
        [
            0.285,
            0.715
        ],
        [
            0.275,
            0.725
        ],
        [
            0.205,
            0.795
        ],
        [
            0.17,
            0.83
        ],
        [
            0.25,
            0.75
        ],
        [
            0.245,
            0.755
        ],
        [
            0.15,
            0.85
        ],
        [
            0.375,
            0.625
        ],
        [
            0.175,
            0.825
        ],
        [
            0.395,
            0.605
        ],
        [
            0.465,
            0.535
        ],
        [
            0.365,
            0.635
        ],
        [
            0.105,
            0.895
        ],
        [
            0.2,
            0.8
        ],
        [
            0.105,
            0.895
        ],
        [
            0.12,
            0.88
        ],
        [
            0.445,
            0.555
        ],
        [
            0.315,
            0.685
        ],
        [
            0.4,
            0.6
        ],
        [
            0.295,
            0.705
        ],
        [
            0.175,
            0.825
        ],
        [
            0.28,
            0.72
        ],
        [
            0.22,
            0.78
        ],
        [
            0.49,
            0.51
        ],
        [
            0.305,
            0.695
        ],
        [
            0.265,
            0.735
        ],
        [
            0.245,
            0.755
        ],
        [
            0.2,
            0.8
        ],
        [
            0.325,
            0.675
        ],
        [
            0.12,
            0.88
        ],
        [
            0.37,
            0.63
        ],
        [
            0.3,
            0.7
        ],
        [
            0.18,
            0.82
        ],
        [
            0.185,
            0.815
        ],
        [
            0.335,
            0.665
        ],
        [
            0.175,
            0.825
        ],
        [
            0.19,
            0.81
        ],
        [
            0.29,
            0.71
        ],
        [
            0.17,
            0.83
        ],
        [
            0.295,
            0.705
        ],
        [
            0.31,
            0.69
        ],
        [
            0.2,
            0.8
        ],
        [
            0.14,
            0.86
        ],
        [
            0.29,
            0.71
        ],
        [
            0.22,
            0.78
        ],
        [
            0.28,
            0.72
        ],
        [
            0.205,
            0.795
        ],
        [
            0.16,
            0.84
        ],
        [
            0.365,
            0.635
        ],
        [
            0.3,
            0.7
        ],
        [
            0.1,
            0.9
        ],
        [
            0.16,
            0.84
        ],
        [
            0.38,
            0.62
        ],
        [
            0.37,
            0.63
        ],
        [
            0.15,
            0.85
        ],
        [
            0.385,
            0.615
        ],
        [
            0.25,
            0.75
        ],
        [
            0.415,
            0.585
        ],
        [
            0.265,
            0.735
        ],
        [
            0.125,
            0.875
        ],
        [
            0.22,
            0.78
        ],
        [
            0.255,
            0.745
        ],
        [
            0.295,
            0.705
        ],
        [
            0.35,
            0.65
        ],
        [
            0.235,
            0.765
        ],
        [
            0.245,
            0.755
        ],
        [
            0.25,
            0.75
        ],
        [
            0.305,
            0.695
        ],
        [
            0.3,
            0.7
        ],
        [
            0.105,
            0.895
        ],
        [
            0.435,
            0.565
        ],
        [
            0.225,
            0.775
        ],
        [
            0.38,
            0.62
        ],
        [
            0.185,
            0.815
        ],
        [
            0.28,
            0.72
        ],
        [
            0.32,
            0.68
        ],
        [
            0.285,
            0.715
        ],
        [
            0.54,
            0.46
        ],
        [
            0.27,
            0.73
        ],
        [
            0.18,
            0.82
        ],
        [
            0.23,
            0.77
        ],
        [
            0.33,
            0.67
        ],
        [
            0.17,
            0.83
        ],
        [
            0.21,
            0.79
        ],
        [
            0.195,
            0.805
        ],
        [
            0.215,
            0.785
        ],
        [
            0.35,
            0.65
        ],
        [
            0.36,
            0.64
        ],
        [
            0.275,
            0.725
        ],
        [
            0.215,
            0.785
        ],
        [
            0.1,
            0.9
        ],
        [
            0.255,
            0.745
        ],
        [
            0.28,
            0.72
        ],
        [
            0.23,
            0.77
        ],
        [
            0.38,
            0.62
        ],
        [
            0.32,
            0.68
        ],
        [
            0.37,
            0.63
        ],
        [
            0.18,
            0.82
        ],
        [
            0.245,
            0.755
        ],
        [
            0.295,
            0.705
        ],
        [
            0.33,
            0.67
        ],
        [
            0.41,
            0.59
        ],
        [
            0.405,
            0.595
        ],
        [
            0.235,
            0.765
        ],
        [
            0.19,
            0.81
        ],
        [
            0.165,
            0.835
        ],
        [
            0.385,
            0.615
        ],
        [
            0.295,
            0.705
        ],
        [
            0.545,
            0.455
        ],
        [
            0.28,
            0.72
        ],
        [
            0.39,
            0.61
        ],
        [
            0.35,
            0.65
        ],
        [
            0.38,
            0.62
        ],
        [
            0.285,
            0.715
        ],
        [
            0.15,
            0.85
        ],
        [
            0.375,
            0.625
        ],
        [
            0.13,
            0.87
        ],
        [
            0.355,
            0.645
        ],
        [
            0.18,
            0.82
        ],
        [
            0.335,
            0.665
        ],
        [
            0.15,
            0.85
        ],
        [
            0.38,
            0.62
        ],
        [
            0.265,
            0.735
        ],
        [
            0.13,
            0.87
        ],
        [
            0.15,
            0.85
        ],
        [
            0.305,
            0.695
        ],
        [
            0.115,
            0.885
        ],
        [
            0.13,
            0.87
        ],
        [
            0.085,
            0.915
        ],
        [
            0.405,
            0.595
        ],
        [
            0.26,
            0.74
        ],
        [
            0.235,
            0.765
        ],
        [
            0.385,
            0.615
        ],
        [
            0.32,
            0.68
        ],
        [
            0.135,
            0.865
        ],
        [
            0.28,
            0.72
        ],
        [
            0.13,
            0.87
        ],
        [
            0.265,
            0.735
        ],
        [
            0.26,
            0.74
        ],
        [
            0.12,
            0.88
        ],
        [
            0.37,
            0.63
        ],
        [
            0.305,
            0.695
        ],
        [
            0.21,
            0.79
        ],
        [
            0.3,
            0.7
        ],
        [
            0.21,
            0.79
        ],
        [
            0.22,
            0.78
        ],
        [
            0.33,
            0.67
        ],
        [
            0.305,
            0.695
        ],
        [
            0.275,
            0.725
        ],
        [
            0.275,
            0.725
        ],
        [
            0.285,
            0.715
        ],
        [
            0.265,
            0.735
        ],
        [
            0.33,
            0.67
        ],
        [
            0.38,
            0.62
        ],
        [
            0.065,
            0.935
        ],
        [
            0.1,
            0.9
        ],
        [
            0.16,
            0.84
        ],
        [
            0.185,
            0.815
        ],
        [
            0.425,
            0.575
        ],
        [
            0.23,
            0.77
        ],
        [
            0.14,
            0.86
        ],
        [
            0.25,
            0.75
        ],
        [
            0.32,
            0.68
        ],
        [
            0.365,
            0.635
        ],
        [
            0.075,
            0.925
        ],
        [
            0.155,
            0.845
        ],
        [
            0.41,
            0.59
        ],
        [
            0.17,
            0.83
        ],
        [
            0.345,
            0.655
        ],
        [
            0.44,
            0.56
        ],
        [
            0.195,
            0.805
        ],
        [
            0.235,
            0.765
        ],
        [
            0.45,
            0.55
        ],
        [
            0.165,
            0.835
        ],
        [
            0.27,
            0.73
        ],
        [
            0.27,
            0.73
        ],
        [
            0.385,
            0.615
        ],
        [
            0.08,
            0.92
        ],
        [
            0.255,
            0.745
        ],
        [
            0.255,
            0.745
        ],
        [
            0.345,
            0.655
        ],
        [
            0.125,
            0.875
        ],
        [
            0.35,
            0.65
        ],
        [
            0.095,
            0.905
        ],
        [
            0.335,
            0.665
        ],
        [
            0.24,
            0.76
        ],
        [
            0.14,
            0.86
        ],
        [
            0.34,
            0.66
        ],
        [
            0.215,
            0.785
        ],
        [
            0.07,
            0.93
        ],
        [
            0.36,
            0.64
        ],
        [
            0.105,
            0.895
        ],
        [
            0.455,
            0.545
        ],
        [
            0.165,
            0.835
        ],
        [
            0.27,
            0.73
        ],
        [
            0.235,
            0.765
        ],
        [
            0.195,
            0.805
        ],
        [
            0.16,
            0.84
        ],
        [
            0.37,
            0.63
        ],
        [
            0.195,
            0.805
        ],
        [
            0.42,
            0.58
        ],
        [
            0.15,
            0.85
        ],
        [
            0.265,
            0.735
        ],
        [
            0.365,
            0.635
        ],
        [
            0.31,
            0.69
        ],
        [
            0.3,
            0.7
        ],
        [
            0.28,
            0.72
        ],
        [
            0.22,
            0.78
        ],
        [
            0.165,
            0.835
        ],
        [
            0.37,
            0.63
        ],
        [
            0.37,
            0.63
        ],
        [
            0.27,
            0.73
        ],
        [
            0.245,
            0.755
        ],
        [
            0.4,
            0.6
        ],
        [
            0.195,
            0.805
        ],
        [
            0.205,
            0.795
        ],
        [
            0.15,
            0.85
        ],
        [
            0.145,
            0.855
        ],
        [
            0.365,
            0.635
        ],
        [
            0.225,
            0.775
        ],
        [
            0.195,
            0.805
        ],
        [
            0.255,
            0.745
        ],
        [
            0.255,
            0.745
        ],
        [
            0.34,
            0.66
        ],
        [
            0.245,
            0.755
        ],
        [
            0.36,
            0.64
        ],
        [
            0.33,
            0.67
        ],
        [
            0.145,
            0.855
        ],
        [
            0.205,
            0.795
        ],
        [
            0.18,
            0.82
        ],
        [
            0.285,
            0.715
        ],
        [
            0.165,
            0.835
        ],
        [
            0.435,
            0.565
        ],
        [
            0.335,
            0.665
        ],
        [
            0.2,
            0.8
        ],
        [
            0.16,
            0.84
        ],
        [
            0.225,
            0.775
        ],
        [
            0.115,
            0.885
        ],
        [
            0.19,
            0.81
        ],
        [
            0.31,
            0.69
        ],
        [
            0.185,
            0.815
        ],
        [
            0.325,
            0.675
        ],
        [
            0.235,
            0.765
        ],
        [
            0.23,
            0.77
        ],
        [
            0.32,
            0.68
        ],
        [
            0.085,
            0.915
        ],
        [
            0.215,
            0.785
        ],
        [
            0.24,
            0.76
        ],
        [
            0.285,
            0.715
        ],
        [
            0.125,
            0.875
        ],
        [
            0.39,
            0.61
        ],
        [
            0.365,
            0.635
        ],
        [
            0.355,
            0.645
        ],
        [
            0.265,
            0.735
        ],
        [
            0.34,
            0.66
        ],
        [
            0.085,
            0.915
        ],
        [
            0.19,
            0.81
        ],
        [
            0.11,
            0.89
        ],
        [
            0.16,
            0.84
        ],
        [
            0.22,
            0.78
        ],
        [
            0.23,
            0.77
        ],
        [
            0.155,
            0.845
        ],
        [
            0.52,
            0.48
        ],
        [
            0.39,
            0.61
        ],
        [
            0.26,
            0.74
        ],
        [
            0.33,
            0.67
        ],
        [
            0.245,
            0.755
        ],
        [
            0.19,
            0.81
        ],
        [
            0.225,
            0.775
        ],
        [
            0.315,
            0.685
        ],
        [
            0.255,
            0.745
        ],
        [
            0.4,
            0.6
        ],
        [
            0.25,
            0.75
        ],
        [
            0.215,
            0.785
        ],
        [
            0.245,
            0.755
        ],
        [
            0.36,
            0.64
        ],
        [
            0.33,
            0.67
        ],
        [
            0.34,
            0.66
        ],
        [
            0.325,
            0.675
        ],
        [
            0.375,
            0.625
        ],
        [
            0.25,
            0.75
        ],
        [
            0.41,
            0.59
        ],
        [
            0.34,
            0.66
        ],
        [
            0.19,
            0.81
        ],
        [
            0.115,
            0.885
        ],
        [
            0.215,
            0.785
        ],
        [
            0.25,
            0.75
        ],
        [
            0.4,
            0.6
        ],
        [
            0.355,
            0.645
        ],
        [
            0.135,
            0.865
        ],
        [
            0.395,
            0.605
        ],
        [
            0.345,
            0.655
        ],
        [
            0.46,
            0.54
        ],
        [
            0.18,
            0.82
        ],
        [
            0.15,
            0.85
        ],
        [
            0.215,
            0.785
        ]
    ],
    "y_pred": [
        1,
        1,
        1,
        1,
        1,
        1,
        1,
        1,
        1,
        1,
        1,
        1,
        1,
        1,
        1,
        1,
        1,
        1,
        1,
        1,
        1,
        1,
        1,
        1,
        1,
        1,
        1,
        1,
        1,
        1,
        1,
        1,
        1,
        1,
        1,
        1,
        1,
        1,
        1,
        1,
        1,
        1,
        1,
        1,
        1,
        1,
        1,
        1,
        1,
        1,
        1,
        1,
        1,
        1,
        1,
        1,
        1,
        1,
        1,
        1,
        1,
        1,
        1,
        1,
        1,
        1,
        1,
        1,
        1,
        1,
        1,
        1,
        1,
        1,
        1,
        1,
        1,
        1,
        1,
        1,
        1,
        1,
        1,
        1,
        1,
        1,
        1,
        1,
        1,
        1,
        1,
        1,
        1,
        1,
        1,
        1,
        1,
        1,
        1,
        1,
        1,
        1,
        1,
        1,
        1,
        1,
        1,
        1,
        1,
        1,
        1,
        1,
        1,
        1,
        1,
        1,
        1,
        1,
        1,
        1,
        1,
        1,
        1,
        1,
        1,
        1,
        1,
        1,
        1,
        1,
        1,
        1,
        1,
        1,
        1,
        1,
        1,
        1,
        1,
        1,
        1,
        1,
        1,
        1,
        1,
        1,
        1,
        1,
        1,
        1,
        1,
        1,
        1,
        1,
        1,
        1,
        1,
        1,
        1,
        1,
        1,
        1,
        1,
        1,
        1,
        1,
        1,
        1,
        1,
        1,
        1,
        1,
        1,
        1,
        1,
        1,
        1,
        1,
        1,
        1,
        1,
        1,
        1,
        1,
        1,
        1,
        1,
        1,
        1,
        1,
        1,
        1,
        1,
        1,
        1,
        1,
        1,
        1,
        1,
        0,
        1,
        1,
        1,
        1,
        1,
        1,
        1,
        1,
        1,
        1,
        1,
        1,
        1,
        1,
        1,
        1,
        1,
        1,
        1,
        1,
        1,
        1,
        1,
        1,
        1,
        1,
        1,
        1,
        1,
        1,
        1,
        1,
        1,
        1,
        1,
        1,
        1,
        1,
        1,
        1,
        1,
        1,
        1,
        1,
        1,
        1,
        1,
        1,
        1,
        1,
        1,
        1,
        1,
        1,
        1,
        1,
        1,
        1,
        1,
        1,
        1,
        1,
        1,
        1,
        1,
        1,
        1,
        1,
        1,
        1,
        1,
        1,
        1,
        1,
        1,
        1,
        1,
        1,
        1,
        1,
        1,
        1,
        1,
        1,
        1,
        1,
        1,
        1,
        1,
        1,
        1,
        0,
        1,
        1,
        1,
        1,
        1,
        1,
        1,
        1,
        1,
        1,
        1,
        1,
        1,
        1,
        1,
        1,
        1,
        1,
        1,
        1,
        1,
        1,
        1,
        1,
        1,
        1,
        1,
        1,
        1,
        1,
        1,
        1,
        1,
        1,
        1,
        1,
        1,
        1,
        1,
        1,
        1,
        1,
        1,
        1,
        1,
        1,
        1,
        1,
        1,
        1,
        1,
        1,
        1,
        1,
        1,
        1,
        1,
        1,
        1,
        1,
        1,
        1,
        1,
        1,
        1,
        1,
        1,
        1,
        1,
        1,
        1,
        1,
        1,
        1,
        1,
        1,
        1,
        1,
        1,
        1,
        1,
        1,
        1,
        1,
        1,
        1,
        1,
        1,
        1,
        1,
        1,
        1,
        1,
        1,
        1,
        1,
        1,
        1,
        1,
        1,
        1,
        1,
        1,
        1,
        1,
        1,
        1,
        1,
        1,
        1,
        1,
        1,
        1,
        1,
        1,
        1,
        1,
        1,
        1,
        1,
        1,
        1,
        1,
        1,
        1,
        1,
        1,
        1,
        1,
        1,
        1,
        1,
        1,
        1,
        1,
        1,
        1,
        1,
        1,
        1,
        1,
        1,
        1,
        1,
        1,
        1,
        1,
        1,
        1,
        1,
        1,
        1,
        1,
        1,
        1,
        1,
        1,
        1,
        1,
        1,
        1,
        1,
        1,
        1,
        1,
        1,
        1,
        1,
        1,
        1,
        1,
        1,
        1,
        1,
        1,
        1,
        1,
        1,
        1,
        1,
        1,
        1,
        1,
        1,
        1,
        1,
        1,
        1,
        1,
        1,
        1,
        1,
        1,
        1,
        1,
        1,
        1,
        1,
        1,
        1,
        0,
        1,
        1,
        1,
        1,
        1,
        1,
        1,
        1,
        1,
        1,
        1,
        1,
        1,
        1,
        1,
        1,
        1,
        1,
        1,
        1,
        1,
        1,
        1,
        1,
        1,
        1,
        1,
        1,
        1,
        1,
        0,
        1,
        1,
        1,
        1,
        1,
        1,
        1,
        1,
        1,
        1,
        1,
        1,
        1,
        1,
        1,
        1,
        1,
        1,
        1,
        1,
        1,
        1,
        1,
        1,
        1,
        1,
        1,
        1,
        1,
        1,
        1,
        1,
        1,
        1,
        1,
        1,
        1,
        1,
        1,
        1,
        1,
        1,
        1,
        1,
        1,
        1,
        1,
        1,
        1,
        1,
        1,
        1,
        1,
        1,
        1,
        1,
        1,
        1,
        1,
        1,
        1,
        1,
        1,
        1,
        1,
        1,
        1,
        1,
        1,
        1,
        1,
        1,
        1,
        1,
        1,
        1,
        1,
        1,
        1,
        1,
        1,
        1,
        1,
        1,
        1,
        1,
        1,
        1,
        1,
        1,
        1,
        1,
        1,
        1,
        1,
        1,
        1,
        1,
        1,
        1,
        1,
        1,
        1,
        1,
        1,
        1,
        1,
        1,
        1,
        1,
        1,
        1,
        1,
        1,
        1,
        1,
        1,
        1,
        1,
        1,
        1,
        1,
        1,
        1,
        1,
        1,
        1,
        1,
        1,
        1,
        1,
        1,
        1,
        1,
        1,
        1,
        1,
        1,
        1,
        1,
        1,
        1,
        1,
        1,
        1,
        1,
        1,
        1,
        1,
        1,
        1,
        1,
        1,
        0,
        1,
        1,
        1,
        1,
        1,
        1,
        1,
        1,
        1,
        1,
        1,
        1,
        1,
        1,
        1,
        1,
        1,
        1,
        1,
        1,
        1,
        1,
        1,
        1,
        1,
        1,
        1,
        1,
        1,
        1,
        1,
        1,
        1
    ],
    "y_test": [
        0,
        0,
        0,
        1,
        1,
        0,
        1,
        1,
        0,
        0,
        1,
        1,
        0,
        1,
        1,
        1,
        1,
        1,
        1,
        1,
        1,
        1,
        1,
        1,
        0,
        1,
        0,
        0,
        1,
        1,
        1,
        1,
        1,
        0,
        1,
        1,
        0,
        1,
        1,
        1,
        1,
        1,
        1,
        1,
        0,
        0,
        1,
        1,
        0,
        1,
        1,
        1,
        1,
        1,
        1,
        1,
        1,
        1,
        0,
        1,
        1,
        0,
        1,
        1,
        1,
        1,
        0,
        1,
        1,
        1,
        0,
        1,
        0,
        1,
        1,
        0,
        0,
        1,
        1,
        1,
        1,
        1,
        1,
        1,
        1,
        0,
        1,
        0,
        1,
        1,
        0,
        1,
        1,
        1,
        0,
        1,
        1,
        1,
        1,
        1,
        0,
        0,
        1,
        1,
        1,
        1,
        1,
        1,
        0,
        1,
        0,
        1,
        1,
        1,
        1,
        1,
        1,
        0,
        1,
        1,
        0,
        1,
        0,
        1,
        0,
        0,
        1,
        1,
        1,
        1,
        1,
        1,
        1,
        1,
        1,
        1,
        1,
        1,
        1,
        1,
        1,
        1,
        1,
        1,
        1,
        1,
        0,
        0,
        1,
        1,
        1,
        1,
        1,
        1,
        1,
        0,
        0,
        1,
        1,
        1,
        1,
        1,
        0,
        1,
        1,
        0,
        1,
        0,
        1,
        1,
        1,
        0,
        1,
        1,
        1,
        1,
        1,
        1,
        0,
        1,
        1,
        1,
        0,
        1,
        1,
        1,
        0,
        1,
        0,
        0,
        1,
        1,
        1,
        1,
        0,
        0,
        1,
        0,
        1,
        0,
        1,
        1,
        1,
        1,
        1,
        0,
        1,
        0,
        0,
        0,
        1,
        0,
        0,
        1,
        1,
        1,
        1,
        1,
        1,
        1,
        1,
        1,
        1,
        0,
        1,
        1,
        1,
        1,
        1,
        1,
        0,
        1,
        0,
        1,
        1,
        1,
        0,
        0,
        1,
        0,
        1,
        1,
        1,
        1,
        1,
        1,
        1,
        1,
        1,
        1,
        0,
        1,
        1,
        1,
        1,
        0,
        1,
        0,
        0,
        0,
        1,
        1,
        1,
        1,
        1,
        1,
        0,
        0,
        0,
        1,
        1,
        1,
        1,
        1,
        1,
        1,
        1,
        0,
        1,
        0,
        1,
        1,
        1,
        1,
        1,
        1,
        0,
        1,
        1,
        1,
        0,
        0,
        1,
        0,
        1,
        1,
        0,
        1,
        1,
        1,
        1,
        1,
        1,
        1,
        1,
        1,
        1,
        1,
        1,
        1,
        0,
        1,
        1,
        1,
        1,
        1,
        1,
        1,
        1,
        1,
        1,
        1,
        1,
        1,
        1,
        1,
        1,
        1,
        1,
        1,
        0,
        1,
        1,
        0,
        1,
        1,
        1,
        1,
        1,
        1,
        1,
        0,
        0,
        1,
        1,
        1,
        1,
        1,
        1,
        0,
        0,
        1,
        0,
        1,
        0,
        0,
        0,
        0,
        0,
        0,
        1,
        1,
        1,
        1,
        0,
        1,
        1,
        1,
        0,
        1,
        0,
        1,
        1,
        0,
        1,
        1,
        1,
        1,
        1,
        1,
        1,
        1,
        1,
        1,
        1,
        1,
        1,
        1,
        0,
        1,
        1,
        1,
        1,
        1,
        1,
        1,
        1,
        1,
        0,
        0,
        1,
        0,
        1,
        0,
        1,
        1,
        1,
        1,
        1,
        1,
        1,
        1,
        1,
        1,
        1,
        1,
        1,
        1,
        1,
        0,
        1,
        1,
        0,
        1,
        0,
        0,
        0,
        1,
        1,
        1,
        1,
        1,
        1,
        0,
        0,
        1,
        0,
        1,
        0,
        0,
        1,
        0,
        1,
        0,
        1,
        1,
        1,
        1,
        1,
        1,
        0,
        0,
        0,
        1,
        1,
        1,
        1,
        1,
        0,
        0,
        0,
        1,
        0,
        1,
        1,
        1,
        1,
        1,
        0,
        1,
        1,
        1,
        0,
        1,
        1,
        0,
        1,
        1,
        1,
        1,
        1,
        1,
        0,
        1,
        1,
        1,
        1,
        0,
        1,
        0,
        1,
        1,
        0,
        0,
        1,
        1,
        1,
        1,
        1,
        1,
        1,
        1,
        0,
        1,
        1,
        1,
        1,
        1,
        1,
        0,
        0,
        1,
        1,
        1,
        1,
        0,
        0,
        0,
        1,
        1,
        1,
        1,
        1,
        1,
        1,
        0,
        1,
        0,
        1,
        1,
        0,
        1,
        0,
        0,
        1,
        1,
        0,
        1,
        1,
        1,
        0,
        1,
        1,
        1,
        0,
        1,
        0,
        1,
        1,
        1,
        0,
        1,
        0,
        0,
        1,
        0,
        1,
        1,
        0,
        1,
        1,
        1,
        1,
        0,
        0,
        1,
        1,
        0,
        0,
        1,
        1,
        1,
        1,
        0,
        1,
        1,
        1,
        1,
        1,
        1,
        1,
        1,
        1,
        1,
        0,
        1,
        1,
        0,
        1,
        1,
        0,
        1,
        1,
        1,
        1,
        0,
        1,
        0,
        1,
        1,
        1,
        1,
        0,
        1,
        1,
        0,
        1,
        1,
        1,
        0,
        0,
        1,
        1,
        1,
        1,
        0,
        1,
        1,
        1,
        1,
        1,
        0,
        0,
        0,
        0,
        0,
        0,
        1,
        0,
        1,
        1,
        1,
        1,
        1,
        1,
        1,
        1,
        1,
        0,
        1,
        1,
        1,
        1,
        1,
        1,
        1,
        1,
        0,
        1,
        1,
        1,
        0,
        1,
        1,
        1,
        1,
        1,
        1,
        1,
        1,
        1,
        1,
        0,
        1,
        1,
        0,
        1,
        1,
        1,
        1,
        1,
        1,
        0,
        1,
        1,
        1,
        1,
        0,
        1,
        1,
        1,
        0,
        1,
        1,
        0,
        1,
        0,
        1,
        1,
        0,
        1,
        1,
        0,
        0,
        1,
        0,
        1,
        0,
        1,
        1,
        1,
        1,
        1,
        0,
        1,
        0,
        0,
        1,
        1,
        1,
        1
    ],
    "accuracy": 0.7383966244725738,
    "auprc": 0.609367341768296,
    "auroc": 0.25487036023434495
}