{
    "site": "DRIAMS-A",
    "seed": 480,
    "model": "rf",
    "antibiotic": "Amoxicillin-Clavulanic acid",
    "species": "Klebsiella pneumoniae",
    "years": [
        "2015",
        "2016",
        "2017",
        "2018"
    ],
    "metadata_versions": {
        "2015_clean.csv": "d022b7aaae8f97f37ec499a0baa1d6428d83cf53",
        "2016_clean.csv": "b64ae1e31e21b47b929bac6d65809c2e4ef4ad41",
        "2017_clean.csv": "b4dbecce8033e52e32970c3e8652b9f6c7aa2bee",
        "2018_clean.csv": "fb9d669527d73d55719bf15d544620fbf45f1f2e"
    },
    "best_params": {
        "rf__bootstrap": false,
        "rf__criterion": "entropy",
        "rf__max_features": "auto",
        "rf__n_estimators": 200
    },
    "y_score": [
        [
            0.835,
            0.165
        ],
        [
            0.84,
            0.16
        ],
        [
            0.56,
            0.44
        ],
        [
            0.83,
            0.17
        ],
        [
            0.88,
            0.12
        ],
        [
            0.82,
            0.18
        ],
        [
            0.87,
            0.13
        ],
        [
            0.88,
            0.12
        ],
        [
            0.87,
            0.13
        ],
        [
            0.89,
            0.11
        ],
        [
            0.85,
            0.15
        ],
        [
            0.85,
            0.15
        ],
        [
            0.84,
            0.16
        ],
        [
            0.795,
            0.205
        ],
        [
            0.87,
            0.13
        ],
        [
            0.905,
            0.095
        ],
        [
            0.55,
            0.45
        ],
        [
            0.81,
            0.19
        ],
        [
            0.665,
            0.335
        ],
        [
            0.775,
            0.225
        ],
        [
            0.87,
            0.13
        ],
        [
            0.84,
            0.16
        ],
        [
            0.815,
            0.185
        ],
        [
            0.875,
            0.125
        ],
        [
            0.875,
            0.125
        ],
        [
            0.78,
            0.22
        ],
        [
            0.785,
            0.215
        ],
        [
            0.695,
            0.305
        ],
        [
            0.75,
            0.25
        ],
        [
            0.845,
            0.155
        ],
        [
            0.885,
            0.115
        ],
        [
            0.8,
            0.2
        ],
        [
            0.835,
            0.165
        ],
        [
            0.37,
            0.63
        ],
        [
            0.875,
            0.125
        ],
        [
            0.905,
            0.095
        ],
        [
            0.775,
            0.225
        ],
        [
            0.86,
            0.14
        ],
        [
            0.915,
            0.085
        ],
        [
            0.57,
            0.43
        ],
        [
            0.845,
            0.155
        ],
        [
            0.855,
            0.145
        ],
        [
            0.82,
            0.18
        ],
        [
            0.8,
            0.2
        ],
        [
            0.735,
            0.265
        ],
        [
            0.9,
            0.1
        ],
        [
            0.865,
            0.135
        ],
        [
            0.9,
            0.1
        ],
        [
            0.94,
            0.06
        ],
        [
            0.91,
            0.09
        ],
        [
            0.835,
            0.165
        ],
        [
            0.815,
            0.185
        ],
        [
            0.815,
            0.185
        ],
        [
            0.895,
            0.105
        ],
        [
            0.79,
            0.21
        ],
        [
            0.885,
            0.115
        ],
        [
            0.84,
            0.16
        ],
        [
            0.835,
            0.165
        ],
        [
            0.765,
            0.235
        ],
        [
            0.865,
            0.135
        ],
        [
            0.865,
            0.135
        ],
        [
            0.735,
            0.265
        ],
        [
            0.75,
            0.25
        ],
        [
            0.875,
            0.125
        ],
        [
            0.605,
            0.395
        ],
        [
            0.87,
            0.13
        ],
        [
            0.86,
            0.14
        ],
        [
            0.845,
            0.155
        ],
        [
            0.81,
            0.19
        ],
        [
            0.74,
            0.26
        ],
        [
            0.79,
            0.21
        ],
        [
            0.89,
            0.11
        ],
        [
            0.825,
            0.175
        ],
        [
            0.895,
            0.105
        ],
        [
            0.455,
            0.545
        ],
        [
            0.85,
            0.15
        ],
        [
            0.87,
            0.13
        ],
        [
            0.47,
            0.53
        ],
        [
            0.86,
            0.14
        ],
        [
            0.825,
            0.175
        ],
        [
            0.81,
            0.19
        ],
        [
            0.865,
            0.135
        ],
        [
            0.79,
            0.21
        ],
        [
            0.84,
            0.16
        ],
        [
            0.675,
            0.325
        ],
        [
            0.785,
            0.215
        ],
        [
            0.825,
            0.175
        ],
        [
            0.865,
            0.135
        ],
        [
            0.875,
            0.125
        ],
        [
            0.9,
            0.1
        ],
        [
            0.765,
            0.235
        ],
        [
            0.77,
            0.23
        ],
        [
            0.83,
            0.17
        ],
        [
            0.85,
            0.15
        ],
        [
            0.79,
            0.21
        ],
        [
            0.875,
            0.125
        ],
        [
            0.795,
            0.205
        ],
        [
            0.87,
            0.13
        ],
        [
            0.94,
            0.06
        ],
        [
            0.815,
            0.185
        ],
        [
            0.78,
            0.22
        ],
        [
            0.925,
            0.075
        ],
        [
            0.805,
            0.195
        ],
        [
            0.88,
            0.12
        ],
        [
            0.61,
            0.39
        ],
        [
            0.845,
            0.155
        ],
        [
            0.76,
            0.24
        ],
        [
            0.82,
            0.18
        ],
        [
            0.89,
            0.11
        ],
        [
            0.84,
            0.16
        ],
        [
            0.885,
            0.115
        ],
        [
            0.76,
            0.24
        ],
        [
            0.77,
            0.23
        ],
        [
            0.9,
            0.1
        ],
        [
            0.855,
            0.145
        ],
        [
            0.885,
            0.115
        ],
        [
            0.86,
            0.14
        ],
        [
            0.905,
            0.095
        ],
        [
            0.925,
            0.075
        ],
        [
            0.74,
            0.26
        ],
        [
            0.85,
            0.15
        ],
        [
            0.83,
            0.17
        ],
        [
            0.76,
            0.24
        ],
        [
            0.895,
            0.105
        ],
        [
            0.865,
            0.135
        ],
        [
            0.85,
            0.15
        ],
        [
            0.955,
            0.045
        ],
        [
            0.8,
            0.2
        ],
        [
            0.84,
            0.16
        ],
        [
            0.87,
            0.13
        ],
        [
            0.615,
            0.385
        ],
        [
            0.805,
            0.195
        ],
        [
            0.865,
            0.135
        ],
        [
            0.745,
            0.255
        ],
        [
            0.89,
            0.11
        ],
        [
            0.845,
            0.155
        ],
        [
            0.88,
            0.12
        ],
        [
            0.83,
            0.17
        ],
        [
            0.84,
            0.16
        ],
        [
            0.805,
            0.195
        ],
        [
            0.83,
            0.17
        ],
        [
            0.86,
            0.14
        ],
        [
            0.78,
            0.22
        ],
        [
            0.83,
            0.17
        ],
        [
            0.755,
            0.245
        ],
        [
            0.865,
            0.135
        ],
        [
            0.765,
            0.235
        ],
        [
            0.765,
            0.235
        ],
        [
            0.84,
            0.16
        ],
        [
            0.91,
            0.09
        ],
        [
            0.375,
            0.625
        ],
        [
            0.905,
            0.095
        ],
        [
            0.65,
            0.35
        ],
        [
            0.83,
            0.17
        ],
        [
            0.79,
            0.21
        ],
        [
            0.785,
            0.215
        ],
        [
            0.83,
            0.17
        ],
        [
            0.845,
            0.155
        ],
        [
            0.87,
            0.13
        ],
        [
            0.86,
            0.14
        ],
        [
            0.77,
            0.23
        ],
        [
            0.775,
            0.225
        ],
        [
            0.815,
            0.185
        ],
        [
            0.86,
            0.14
        ],
        [
            0.79,
            0.21
        ],
        [
            0.875,
            0.125
        ],
        [
            0.82,
            0.18
        ],
        [
            0.8,
            0.2
        ],
        [
            0.815,
            0.185
        ],
        [
            0.845,
            0.155
        ],
        [
            0.605,
            0.395
        ],
        [
            0.855,
            0.145
        ],
        [
            0.87,
            0.13
        ],
        [
            0.89,
            0.11
        ],
        [
            0.735,
            0.265
        ],
        [
            0.895,
            0.105
        ],
        [
            0.84,
            0.16
        ],
        [
            0.89,
            0.11
        ],
        [
            0.735,
            0.265
        ],
        [
            0.78,
            0.22
        ],
        [
            0.83,
            0.17
        ],
        [
            0.85,
            0.15
        ],
        [
            0.87,
            0.13
        ],
        [
            0.89,
            0.11
        ],
        [
            0.76,
            0.24
        ],
        [
            0.57,
            0.43
        ],
        [
            0.825,
            0.175
        ],
        [
            0.865,
            0.135
        ],
        [
            0.85,
            0.15
        ],
        [
            0.905,
            0.095
        ],
        [
            0.82,
            0.18
        ],
        [
            0.855,
            0.145
        ],
        [
            0.77,
            0.23
        ],
        [
            0.865,
            0.135
        ],
        [
            0.785,
            0.215
        ],
        [
            0.89,
            0.11
        ],
        [
            0.88,
            0.12
        ],
        [
            0.59,
            0.41
        ],
        [
            0.865,
            0.135
        ],
        [
            0.795,
            0.205
        ],
        [
            0.805,
            0.195
        ],
        [
            0.845,
            0.155
        ],
        [
            0.8,
            0.2
        ],
        [
            0.78,
            0.22
        ],
        [
            0.79,
            0.21
        ],
        [
            0.505,
            0.495
        ],
        [
            0.92,
            0.08
        ],
        [
            0.825,
            0.175
        ],
        [
            0.855,
            0.145
        ],
        [
            0.895,
            0.105
        ],
        [
            0.78,
            0.22
        ],
        [
            0.795,
            0.205
        ],
        [
            0.805,
            0.195
        ],
        [
            0.78,
            0.22
        ],
        [
            0.855,
            0.145
        ],
        [
            0.745,
            0.255
        ],
        [
            0.87,
            0.13
        ],
        [
            0.89,
            0.11
        ],
        [
            0.875,
            0.125
        ],
        [
            0.81,
            0.19
        ],
        [
            0.83,
            0.17
        ],
        [
            0.85,
            0.15
        ],
        [
            0.885,
            0.115
        ],
        [
            0.875,
            0.125
        ],
        [
            0.88,
            0.12
        ],
        [
            0.875,
            0.125
        ],
        [
            0.84,
            0.16
        ],
        [
            0.845,
            0.155
        ],
        [
            0.755,
            0.245
        ],
        [
            0.94,
            0.06
        ],
        [
            0.775,
            0.225
        ],
        [
            0.885,
            0.115
        ],
        [
            0.8,
            0.2
        ],
        [
            0.87,
            0.13
        ],
        [
            0.6,
            0.4
        ],
        [
            0.87,
            0.13
        ],
        [
            0.85,
            0.15
        ],
        [
            0.82,
            0.18
        ],
        [
            0.735,
            0.265
        ],
        [
            0.91,
            0.09
        ],
        [
            0.87,
            0.13
        ],
        [
            0.815,
            0.185
        ],
        [
            0.875,
            0.125
        ],
        [
            0.85,
            0.15
        ],
        [
            0.585,
            0.415
        ],
        [
            0.82,
            0.18
        ],
        [
            0.825,
            0.175
        ],
        [
            0.675,
            0.325
        ],
        [
            0.86,
            0.14
        ],
        [
            0.71,
            0.29
        ],
        [
            0.79,
            0.21
        ],
        [
            0.84,
            0.16
        ],
        [
            0.435,
            0.565
        ],
        [
            0.79,
            0.21
        ],
        [
            0.845,
            0.155
        ],
        [
            0.795,
            0.205
        ],
        [
            0.89,
            0.11
        ],
        [
            0.855,
            0.145
        ],
        [
            0.82,
            0.18
        ],
        [
            0.755,
            0.245
        ],
        [
            0.84,
            0.16
        ],
        [
            0.85,
            0.15
        ],
        [
            0.735,
            0.265
        ],
        [
            0.895,
            0.105
        ],
        [
            0.76,
            0.24
        ],
        [
            0.82,
            0.18
        ],
        [
            0.855,
            0.145
        ],
        [
            0.715,
            0.285
        ],
        [
            0.785,
            0.215
        ],
        [
            0.76,
            0.24
        ],
        [
            0.88,
            0.12
        ],
        [
            0.855,
            0.145
        ],
        [
            0.735,
            0.265
        ],
        [
            0.86,
            0.14
        ],
        [
            0.85,
            0.15
        ],
        [
            0.86,
            0.14
        ],
        [
            0.87,
            0.13
        ],
        [
            0.79,
            0.21
        ],
        [
            0.825,
            0.175
        ],
        [
            0.84,
            0.16
        ],
        [
            0.815,
            0.185
        ],
        [
            0.855,
            0.145
        ],
        [
            0.815,
            0.185
        ],
        [
            0.84,
            0.16
        ],
        [
            0.78,
            0.22
        ],
        [
            0.855,
            0.145
        ],
        [
            0.86,
            0.14
        ],
        [
            0.85,
            0.15
        ],
        [
            0.845,
            0.155
        ],
        [
            0.86,
            0.14
        ],
        [
            0.78,
            0.22
        ],
        [
            0.86,
            0.14
        ],
        [
            0.785,
            0.215
        ],
        [
            0.855,
            0.145
        ],
        [
            0.8,
            0.2
        ],
        [
            0.895,
            0.105
        ],
        [
            0.83,
            0.17
        ],
        [
            0.85,
            0.15
        ],
        [
            0.91,
            0.09
        ],
        [
            0.9,
            0.1
        ],
        [
            0.865,
            0.135
        ],
        [
            0.92,
            0.08
        ],
        [
            0.915,
            0.085
        ],
        [
            0.89,
            0.11
        ],
        [
            0.595,
            0.405
        ],
        [
            0.825,
            0.175
        ],
        [
            0.715,
            0.285
        ],
        [
            0.68,
            0.32
        ],
        [
            0.81,
            0.19
        ],
        [
            0.785,
            0.215
        ],
        [
            0.82,
            0.18
        ],
        [
            0.855,
            0.145
        ],
        [
            0.81,
            0.19
        ],
        [
            0.85,
            0.15
        ],
        [
            0.87,
            0.13
        ],
        [
            0.76,
            0.24
        ],
        [
            0.845,
            0.155
        ],
        [
            0.86,
            0.14
        ],
        [
            0.76,
            0.24
        ],
        [
            0.905,
            0.095
        ],
        [
            0.795,
            0.205
        ],
        [
            0.52,
            0.48
        ],
        [
            0.83,
            0.17
        ],
        [
            0.87,
            0.13
        ],
        [
            0.845,
            0.155
        ],
        [
            0.84,
            0.16
        ],
        [
            0.785,
            0.215
        ],
        [
            0.85,
            0.15
        ],
        [
            0.895,
            0.105
        ],
        [
            0.725,
            0.275
        ],
        [
            0.845,
            0.155
        ],
        [
            0.75,
            0.25
        ],
        [
            0.85,
            0.15
        ],
        [
            0.865,
            0.135
        ],
        [
            0.78,
            0.22
        ],
        [
            0.745,
            0.255
        ],
        [
            0.805,
            0.195
        ],
        [
            0.815,
            0.185
        ],
        [
            0.895,
            0.105
        ],
        [
            0.825,
            0.175
        ],
        [
            0.865,
            0.135
        ],
        [
            0.79,
            0.21
        ],
        [
            0.88,
            0.12
        ],
        [
            0.9,
            0.1
        ],
        [
            0.91,
            0.09
        ],
        [
            0.87,
            0.13
        ],
        [
            0.885,
            0.115
        ],
        [
            0.855,
            0.145
        ],
        [
            0.885,
            0.115
        ],
        [
            0.83,
            0.17
        ],
        [
            0.855,
            0.145
        ],
        [
            0.76,
            0.24
        ],
        [
            0.855,
            0.145
        ],
        [
            0.78,
            0.22
        ],
        [
            0.825,
            0.175
        ],
        [
            0.625,
            0.375
        ],
        [
            0.645,
            0.355
        ],
        [
            0.855,
            0.145
        ],
        [
            0.69,
            0.31
        ],
        [
            0.875,
            0.125
        ],
        [
            0.86,
            0.14
        ],
        [
            0.86,
            0.14
        ],
        [
            0.84,
            0.16
        ],
        [
            0.84,
            0.16
        ],
        [
            0.785,
            0.215
        ],
        [
            0.89,
            0.11
        ],
        [
            0.8,
            0.2
        ],
        [
            0.64,
            0.36
        ],
        [
            0.875,
            0.125
        ],
        [
            0.78,
            0.22
        ],
        [
            0.79,
            0.21
        ],
        [
            0.89,
            0.11
        ],
        [
            0.915,
            0.085
        ],
        [
            0.92,
            0.08
        ],
        [
            0.925,
            0.075
        ],
        [
            0.91,
            0.09
        ],
        [
            0.865,
            0.135
        ],
        [
            0.815,
            0.185
        ],
        [
            0.85,
            0.15
        ],
        [
            0.91,
            0.09
        ],
        [
            0.875,
            0.125
        ],
        [
            0.89,
            0.11
        ],
        [
            0.775,
            0.225
        ],
        [
            0.9,
            0.1
        ],
        [
            0.91,
            0.09
        ],
        [
            0.795,
            0.205
        ],
        [
            0.375,
            0.625
        ],
        [
            0.83,
            0.17
        ],
        [
            0.8,
            0.2
        ],
        [
            0.835,
            0.165
        ],
        [
            0.775,
            0.225
        ],
        [
            0.86,
            0.14
        ],
        [
            0.855,
            0.145
        ],
        [
            0.75,
            0.25
        ],
        [
            0.91,
            0.09
        ],
        [
            0.835,
            0.165
        ],
        [
            0.835,
            0.165
        ],
        [
            0.895,
            0.105
        ],
        [
            0.545,
            0.455
        ],
        [
            0.845,
            0.155
        ],
        [
            0.83,
            0.17
        ],
        [
            0.825,
            0.175
        ],
        [
            0.805,
            0.195
        ],
        [
            0.86,
            0.14
        ],
        [
            0.835,
            0.165
        ],
        [
            0.86,
            0.14
        ],
        [
            0.845,
            0.155
        ],
        [
            0.77,
            0.23
        ],
        [
            0.86,
            0.14
        ],
        [
            0.8,
            0.2
        ],
        [
            0.745,
            0.255
        ],
        [
            0.815,
            0.185
        ],
        [
            0.835,
            0.165
        ],
        [
            0.75,
            0.25
        ],
        [
            0.82,
            0.18
        ],
        [
            0.805,
            0.195
        ],
        [
            0.89,
            0.11
        ],
        [
            0.815,
            0.185
        ],
        [
            0.79,
            0.21
        ],
        [
            0.845,
            0.155
        ],
        [
            0.83,
            0.17
        ],
        [
            0.835,
            0.165
        ],
        [
            0.745,
            0.255
        ],
        [
            0.85,
            0.15
        ],
        [
            0.74,
            0.26
        ],
        [
            0.865,
            0.135
        ],
        [
            0.87,
            0.13
        ],
        [
            0.88,
            0.12
        ],
        [
            0.815,
            0.185
        ],
        [
            0.835,
            0.165
        ],
        [
            0.76,
            0.24
        ],
        [
            0.82,
            0.18
        ],
        [
            0.82,
            0.18
        ],
        [
            0.905,
            0.095
        ],
        [
            0.815,
            0.185
        ],
        [
            0.865,
            0.135
        ],
        [
            0.765,
            0.235
        ],
        [
            0.81,
            0.19
        ],
        [
            0.9,
            0.1
        ],
        [
            0.865,
            0.135
        ],
        [
            0.79,
            0.21
        ],
        [
            0.65,
            0.35
        ],
        [
            0.835,
            0.165
        ],
        [
            0.81,
            0.19
        ],
        [
            0.81,
            0.19
        ],
        [
            0.81,
            0.19
        ],
        [
            0.9,
            0.1
        ],
        [
            0.85,
            0.15
        ],
        [
            0.835,
            0.165
        ],
        [
            0.885,
            0.115
        ],
        [
            0.86,
            0.14
        ],
        [
            0.735,
            0.265
        ],
        [
            0.85,
            0.15
        ],
        [
            0.865,
            0.135
        ],
        [
            0.66,
            0.34
        ],
        [
            0.77,
            0.23
        ],
        [
            0.875,
            0.125
        ],
        [
            0.84,
            0.16
        ],
        [
            0.85,
            0.15
        ],
        [
            0.845,
            0.155
        ],
        [
            0.915,
            0.085
        ],
        [
            0.805,
            0.195
        ],
        [
            0.87,
            0.13
        ],
        [
            0.895,
            0.105
        ],
        [
            0.905,
            0.095
        ],
        [
            0.805,
            0.195
        ],
        [
            0.86,
            0.14
        ],
        [
            0.905,
            0.095
        ],
        [
            0.86,
            0.14
        ],
        [
            0.86,
            0.14
        ],
        [
            0.73,
            0.27
        ],
        [
            0.83,
            0.17
        ],
        [
            0.845,
            0.155
        ],
        [
            0.77,
            0.23
        ],
        [
            0.84,
            0.16
        ],
        [
            0.56,
            0.44
        ],
        [
            0.82,
            0.18
        ],
        [
            0.695,
            0.305
        ],
        [
            0.855,
            0.145
        ],
        [
            0.805,
            0.195
        ],
        [
            0.855,
            0.145
        ],
        [
            0.845,
            0.155
        ],
        [
            0.575,
            0.425
        ],
        [
            0.87,
            0.13
        ],
        [
            0.79,
            0.21
        ],
        [
            0.905,
            0.095
        ],
        [
            0.915,
            0.085
        ],
        [
            0.64,
            0.36
        ],
        [
            0.88,
            0.12
        ],
        [
            0.815,
            0.185
        ],
        [
            0.92,
            0.08
        ],
        [
            0.84,
            0.16
        ],
        [
            0.945,
            0.055
        ],
        [
            0.71,
            0.29
        ],
        [
            0.895,
            0.105
        ],
        [
            0.93,
            0.07
        ],
        [
            0.84,
            0.16
        ],
        [
            0.87,
            0.13
        ],
        [
            0.87,
            0.13
        ],
        [
            0.935,
            0.065
        ],
        [
            0.875,
            0.125
        ],
        [
            0.805,
            0.195
        ],
        [
            0.795,
            0.205
        ],
        [
            0.835,
            0.165
        ],
        [
            0.87,
            0.13
        ],
        [
            0.865,
            0.135
        ],
        [
            0.755,
            0.245
        ],
        [
            0.895,
            0.105
        ],
        [
            0.79,
            0.21
        ],
        [
            0.86,
            0.14
        ],
        [
            0.83,
            0.17
        ],
        [
            0.83,
            0.17
        ],
        [
            0.875,
            0.125
        ],
        [
            0.92,
            0.08
        ],
        [
            0.875,
            0.125
        ],
        [
            0.85,
            0.15
        ],
        [
            0.475,
            0.525
        ],
        [
            0.745,
            0.255
        ],
        [
            0.585,
            0.415
        ],
        [
            0.8,
            0.2
        ],
        [
            0.625,
            0.375
        ],
        [
            0.875,
            0.125
        ],
        [
            0.84,
            0.16
        ],
        [
            0.645,
            0.355
        ],
        [
            0.82,
            0.18
        ],
        [
            0.84,
            0.16
        ],
        [
            0.885,
            0.115
        ],
        [
            0.91,
            0.09
        ],
        [
            0.865,
            0.135
        ],
        [
            0.8,
            0.2
        ],
        [
            0.905,
            0.095
        ],
        [
            0.785,
            0.215
        ],
        [
            0.76,
            0.24
        ],
        [
            0.895,
            0.105
        ],
        [
            0.88,
            0.12
        ],
        [
            0.695,
            0.305
        ],
        [
            0.705,
            0.295
        ],
        [
            0.86,
            0.14
        ],
        [
            0.755,
            0.245
        ],
        [
            0.865,
            0.135
        ],
        [
            0.835,
            0.165
        ],
        [
            0.91,
            0.09
        ],
        [
            0.885,
            0.115
        ],
        [
            0.83,
            0.17
        ],
        [
            0.75,
            0.25
        ],
        [
            0.905,
            0.095
        ],
        [
            0.875,
            0.125
        ],
        [
            0.595,
            0.405
        ],
        [
            0.92,
            0.08
        ],
        [
            0.795,
            0.205
        ],
        [
            0.92,
            0.08
        ],
        [
            0.72,
            0.28
        ],
        [
            0.91,
            0.09
        ],
        [
            0.87,
            0.13
        ],
        [
            0.71,
            0.29
        ],
        [
            0.865,
            0.135
        ],
        [
            0.835,
            0.165
        ],
        [
            0.805,
            0.195
        ],
        [
            0.85,
            0.15
        ],
        [
            0.845,
            0.155
        ],
        [
            0.865,
            0.135
        ],
        [
            0.88,
            0.12
        ],
        [
            0.9,
            0.1
        ],
        [
            0.865,
            0.135
        ],
        [
            0.86,
            0.14
        ],
        [
            0.835,
            0.165
        ],
        [
            0.81,
            0.19
        ],
        [
            0.905,
            0.095
        ]
    ],
    "y_pred": [
        0,
        0,
        0,
        0,
        0,
        0,
        0,
        0,
        0,
        0,
        0,
        0,
        0,
        0,
        0,
        0,
        0,
        0,
        0,
        0,
        0,
        0,
        0,
        0,
        0,
        0,
        0,
        0,
        0,
        0,
        0,
        0,
        0,
        1,
        0,
        0,
        0,
        0,
        0,
        0,
        0,
        0,
        0,
        0,
        0,
        0,
        0,
        0,
        0,
        0,
        0,
        0,
        0,
        0,
        0,
        0,
        0,
        0,
        0,
        0,
        0,
        0,
        0,
        0,
        0,
        0,
        0,
        0,
        0,
        0,
        0,
        0,
        0,
        0,
        1,
        0,
        0,
        1,
        0,
        0,
        0,
        0,
        0,
        0,
        0,
        0,
        0,
        0,
        0,
        0,
        0,
        0,
        0,
        0,
        0,
        0,
        0,
        0,
        0,
        0,
        0,
        0,
        0,
        0,
        0,
        0,
        0,
        0,
        0,
        0,
        0,
        0,
        0,
        0,
        0,
        0,
        0,
        0,
        0,
        0,
        0,
        0,
        0,
        0,
        0,
        0,
        0,
        0,
        0,
        0,
        0,
        0,
        0,
        0,
        0,
        0,
        0,
        0,
        0,
        0,
        0,
        0,
        0,
        0,
        0,
        0,
        0,
        0,
        0,
        0,
        1,
        0,
        0,
        0,
        0,
        0,
        0,
        0,
        0,
        0,
        0,
        0,
        0,
        0,
        0,
        0,
        0,
        0,
        0,
        0,
        0,
        0,
        0,
        0,
        0,
        0,
        0,
        0,
        0,
        0,
        0,
        0,
        0,
        0,
        0,
        0,
        0,
        0,
        0,
        0,
        0,
        0,
        0,
        0,
        0,
        0,
        0,
        0,
        0,
        0,
        0,
        0,
        0,
        0,
        0,
        0,
        0,
        0,
        0,
        0,
        0,
        0,
        0,
        0,
        0,
        0,
        0,
        0,
        0,
        0,
        0,
        0,
        0,
        0,
        0,
        0,
        0,
        0,
        0,
        0,
        0,
        0,
        0,
        0,
        0,
        0,
        0,
        0,
        0,
        0,
        0,
        0,
        0,
        0,
        0,
        0,
        0,
        0,
        0,
        0,
        0,
        0,
        1,
        0,
        0,
        0,
        0,
        0,
        0,
        0,
        0,
        0,
        0,
        0,
        0,
        0,
        0,
        0,
        0,
        0,
        0,
        0,
        0,
        0,
        0,
        0,
        0,
        0,
        0,
        0,
        0,
        0,
        0,
        0,
        0,
        0,
        0,
        0,
        0,
        0,
        0,
        0,
        0,
        0,
        0,
        0,
        0,
        0,
        0,
        0,
        0,
        0,
        0,
        0,
        0,
        0,
        0,
        0,
        0,
        0,
        0,
        0,
        0,
        0,
        0,
        0,
        0,
        0,
        0,
        0,
        0,
        0,
        0,
        0,
        0,
        0,
        0,
        0,
        0,
        0,
        0,
        0,
        0,
        0,
        0,
        0,
        0,
        0,
        0,
        0,
        0,
        0,
        0,
        0,
        0,
        0,
        0,
        0,
        0,
        0,
        0,
        0,
        0,
        0,
        0,
        0,
        0,
        0,
        0,
        0,
        0,
        0,
        0,
        0,
        0,
        0,
        0,
        0,
        0,
        0,
        0,
        0,
        0,
        0,
        0,
        0,
        0,
        0,
        0,
        0,
        0,
        0,
        0,
        0,
        0,
        0,
        1,
        0,
        0,
        0,
        0,
        0,
        0,
        0,
        0,
        0,
        0,
        0,
        0,
        0,
        0,
        0,
        0,
        0,
        0,
        0,
        0,
        0,
        0,
        0,
        0,
        0,
        0,
        0,
        0,
        0,
        0,
        0,
        0,
        0,
        0,
        0,
        0,
        0,
        0,
        0,
        0,
        0,
        0,
        0,
        0,
        0,
        0,
        0,
        0,
        0,
        0,
        0,
        0,
        0,
        0,
        0,
        0,
        0,
        0,
        0,
        0,
        0,
        0,
        0,
        0,
        0,
        0,
        0,
        0,
        0,
        0,
        0,
        0,
        0,
        0,
        0,
        0,
        0,
        0,
        0,
        0,
        0,
        0,
        0,
        0,
        0,
        0,
        0,
        0,
        0,
        0,
        0,
        0,
        0,
        0,
        0,
        0,
        0,
        0,
        0,
        0,
        0,
        0,
        0,
        0,
        0,
        0,
        0,
        0,
        0,
        0,
        0,
        0,
        0,
        0,
        0,
        0,
        0,
        0,
        0,
        0,
        0,
        0,
        0,
        0,
        0,
        0,
        0,
        0,
        0,
        1,
        0,
        0,
        0,
        0,
        0,
        0,
        0,
        0,
        0,
        0,
        0,
        0,
        0,
        0,
        0,
        0,
        0,
        0,
        0,
        0,
        0,
        0,
        0,
        0,
        0,
        0,
        0,
        0,
        0,
        0,
        0,
        0,
        0,
        0,
        0,
        0,
        0,
        0,
        0,
        0,
        0,
        0,
        0,
        0,
        0,
        0,
        0,
        0,
        0,
        0,
        0
    ],
    "y_test": [
        0,
        0,
        1,
        0,
        0,
        0,
        1,
        0,
        0,
        0,
        0,
        0,
        0,
        0,
        0,
        0,
        0,
        0,
        1,
        0,
        0,
        0,
        1,
        0,
        0,
        0,
        1,
        1,
        1,
        0,
        0,
        1,
        0,
        1,
        0,
        0,
        1,
        0,
        0,
        0,
        1,
        0,
        1,
        0,
        0,
        0,
        0,
        0,
        0,
        0,
        0,
        0,
        0,
        0,
        0,
        1,
        1,
        0,
        1,
        0,
        0,
        0,
        0,
        0,
        1,
        0,
        0,
        0,
        0,
        0,
        0,
        0,
        0,
        0,
        1,
        0,
        0,
        0,
        0,
        0,
        1,
        0,
        0,
        0,
        1,
        0,
        0,
        0,
        0,
        0,
        1,
        0,
        0,
        0,
        0,
        1,
        0,
        0,
        0,
        0,
        0,
        0,
        0,
        0,
        1,
        0,
        0,
        0,
        0,
        0,
        1,
        0,
        0,
        0,
        0,
        0,
        0,
        0,
        0,
        0,
        0,
        0,
        0,
        0,
        1,
        0,
        0,
        1,
        0,
        0,
        1,
        1,
        0,
        0,
        0,
        0,
        0,
        1,
        0,
        0,
        0,
        0,
        0,
        0,
        1,
        0,
        1,
        0,
        1,
        0,
        1,
        1,
        0,
        0,
        0,
        0,
        0,
        0,
        1,
        0,
        0,
        1,
        0,
        0,
        0,
        0,
        0,
        0,
        0,
        0,
        1,
        1,
        0,
        1,
        0,
        0,
        0,
        0,
        0,
        0,
        0,
        0,
        0,
        0,
        0,
        1,
        0,
        0,
        0,
        0,
        0,
        0,
        0,
        0,
        0,
        0,
        0,
        1,
        0,
        0,
        0,
        0,
        0,
        1,
        0,
        0,
        0,
        0,
        0,
        0,
        0,
        0,
        0,
        0,
        0,
        1,
        0,
        0,
        0,
        0,
        1,
        0,
        0,
        0,
        0,
        0,
        0,
        0,
        0,
        0,
        0,
        0,
        0,
        0,
        1,
        0,
        0,
        0,
        0,
        0,
        0,
        0,
        0,
        0,
        1,
        1,
        0,
        1,
        0,
        1,
        0,
        0,
        1,
        1,
        0,
        0,
        0,
        1,
        0,
        1,
        0,
        0,
        0,
        0,
        0,
        0,
        0,
        1,
        0,
        0,
        0,
        1,
        0,
        1,
        0,
        0,
        0,
        0,
        0,
        0,
        0,
        0,
        0,
        0,
        0,
        0,
        0,
        1,
        0,
        0,
        0,
        0,
        0,
        1,
        0,
        0,
        0,
        0,
        0,
        0,
        0,
        0,
        0,
        1,
        1,
        0,
        0,
        0,
        1,
        0,
        0,
        0,
        1,
        0,
        0,
        0,
        0,
        0,
        0,
        1,
        0,
        1,
        0,
        0,
        0,
        0,
        1,
        0,
        0,
        0,
        0,
        0,
        0,
        0,
        0,
        0,
        1,
        0,
        0,
        0,
        0,
        0,
        0,
        0,
        0,
        0,
        0,
        0,
        0,
        0,
        0,
        1,
        0,
        0,
        0,
        1,
        1,
        0,
        0,
        0,
        1,
        0,
        0,
        1,
        1,
        0,
        0,
        1,
        0,
        0,
        0,
        0,
        0,
        1,
        0,
        0,
        0,
        0,
        0,
        0,
        0,
        0,
        0,
        0,
        0,
        0,
        1,
        0,
        0,
        0,
        0,
        0,
        0,
        1,
        0,
        0,
        0,
        0,
        1,
        0,
        0,
        0,
        0,
        0,
        0,
        0,
        0,
        0,
        0,
        0,
        1,
        1,
        0,
        0,
        0,
        0,
        0,
        0,
        0,
        0,
        0,
        0,
        0,
        0,
        1,
        0,
        0,
        0,
        0,
        0,
        0,
        1,
        0,
        1,
        0,
        0,
        0,
        0,
        1,
        0,
        0,
        1,
        0,
        0,
        1,
        1,
        1,
        0,
        0,
        0,
        0,
        0,
        0,
        0,
        0,
        1,
        0,
        0,
        0,
        0,
        0,
        0,
        0,
        0,
        0,
        1,
        1,
        0,
        0,
        0,
        0,
        0,
        0,
        0,
        0,
        1,
        0,
        1,
        0,
        0,
        0,
        0,
        1,
        0,
        0,
        0,
        0,
        1,
        0,
        0,
        0,
        0,
        0,
        1,
        0,
        0,
        0,
        0,
        0,
        0,
        0,
        0,
        1,
        0,
        0,
        0,
        0,
        0,
        0,
        0,
        0,
        0,
        0,
        0,
        0,
        0,
        1,
        0,
        1,
        1,
        1,
        0,
        0,
        1,
        0,
        0,
        0,
        0,
        1,
        1,
        0,
        0,
        0,
        0,
        0,
        1,
        1,
        0,
        1,
        0,
        0,
        0,
        0,
        0,
        0,
        0,
        0,
        0,
        0,
        0,
        0,
        1,
        0,
        0,
        0,
        0,
        0,
        1,
        0,
        0,
        0,
        0,
        0,
        0,
        0,
        0,
        0,
        0
    ],
    "accuracy": 0.8204225352112676,
    "auprc": 0.5284567068374396,
    "auroc": 0.7509173474973139
}