{
    "site": "DRIAMS-A",
    "seed": 409,
    "model": "rf",
    "antibiotic": "Piperacillin-Tazobactam",
    "species": "Klebsiella pneumoniae",
    "years": [
        "2015",
        "2016",
        "2017",
        "2018"
    ],
    "metadata_versions": {
        "2015_clean.csv": "d022b7aaae8f97f37ec499a0baa1d6428d83cf53",
        "2016_clean.csv": "b64ae1e31e21b47b929bac6d65809c2e4ef4ad41",
        "2017_clean.csv": "b4dbecce8033e52e32970c3e8652b9f6c7aa2bee",
        "2018_clean.csv": "fb9d669527d73d55719bf15d544620fbf45f1f2e"
    },
    "best_params": {
        "rf__bootstrap": false,
        "rf__criterion": "entropy",
        "rf__max_features": "auto",
        "rf__n_estimators": 200
    },
    "y_score": [
        [
            0.89,
            0.11
        ],
        [
            0.855,
            0.145
        ],
        [
            0.895,
            0.105
        ],
        [
            0.915,
            0.085
        ],
        [
            0.88,
            0.12
        ],
        [
            0.655,
            0.345
        ],
        [
            0.74,
            0.26
        ],
        [
            0.93,
            0.07
        ],
        [
            0.875,
            0.125
        ],
        [
            0.905,
            0.095
        ],
        [
            0.805,
            0.195
        ],
        [
            0.945,
            0.055
        ],
        [
            0.83,
            0.17
        ],
        [
            0.935,
            0.065
        ],
        [
            0.905,
            0.095
        ],
        [
            0.825,
            0.175
        ],
        [
            0.805,
            0.195
        ],
        [
            0.745,
            0.255
        ],
        [
            0.94,
            0.06
        ],
        [
            0.85,
            0.15
        ],
        [
            0.915,
            0.085
        ],
        [
            0.94,
            0.06
        ],
        [
            0.905,
            0.095
        ],
        [
            0.91,
            0.09
        ],
        [
            0.885,
            0.115
        ],
        [
            0.895,
            0.105
        ],
        [
            0.945,
            0.055
        ],
        [
            0.905,
            0.095
        ],
        [
            0.855,
            0.145
        ],
        [
            0.86,
            0.14
        ],
        [
            0.89,
            0.11
        ],
        [
            0.91,
            0.09
        ],
        [
            0.915,
            0.085
        ],
        [
            0.8,
            0.2
        ],
        [
            0.895,
            0.105
        ],
        [
            0.945,
            0.055
        ],
        [
            0.905,
            0.095
        ],
        [
            0.875,
            0.125
        ],
        [
            0.9,
            0.1
        ],
        [
            0.95,
            0.05
        ],
        [
            0.88,
            0.12
        ],
        [
            0.9,
            0.1
        ],
        [
            0.905,
            0.095
        ],
        [
            0.935,
            0.065
        ],
        [
            0.89,
            0.11
        ],
        [
            0.965,
            0.035
        ],
        [
            0.84,
            0.16
        ],
        [
            0.9,
            0.1
        ],
        [
            0.87,
            0.13
        ],
        [
            0.84,
            0.16
        ],
        [
            0.86,
            0.14
        ],
        [
            0.785,
            0.215
        ],
        [
            0.89,
            0.11
        ],
        [
            0.83,
            0.17
        ],
        [
            0.935,
            0.065
        ],
        [
            0.89,
            0.11
        ],
        [
            0.935,
            0.065
        ],
        [
            0.81,
            0.19
        ],
        [
            0.895,
            0.105
        ],
        [
            0.89,
            0.11
        ],
        [
            0.845,
            0.155
        ],
        [
            0.89,
            0.11
        ],
        [
            0.915,
            0.085
        ],
        [
            0.93,
            0.07
        ],
        [
            0.94,
            0.06
        ],
        [
            0.875,
            0.125
        ],
        [
            0.95,
            0.05
        ],
        [
            0.655,
            0.345
        ],
        [
            0.87,
            0.13
        ],
        [
            0.92,
            0.08
        ],
        [
            0.895,
            0.105
        ],
        [
            0.94,
            0.06
        ],
        [
            0.87,
            0.13
        ],
        [
            0.935,
            0.065
        ],
        [
            0.96,
            0.04
        ],
        [
            0.805,
            0.195
        ],
        [
            0.905,
            0.095
        ],
        [
            0.93,
            0.07
        ],
        [
            0.895,
            0.105
        ],
        [
            0.87,
            0.13
        ],
        [
            0.915,
            0.085
        ],
        [
            0.86,
            0.14
        ],
        [
            0.86,
            0.14
        ],
        [
            0.93,
            0.07
        ],
        [
            0.85,
            0.15
        ],
        [
            0.92,
            0.08
        ],
        [
            0.875,
            0.125
        ],
        [
            0.785,
            0.215
        ],
        [
            0.87,
            0.13
        ],
        [
            0.78,
            0.22
        ],
        [
            0.885,
            0.115
        ],
        [
            0.775,
            0.225
        ],
        [
            0.8,
            0.2
        ],
        [
            0.93,
            0.07
        ],
        [
            0.845,
            0.155
        ],
        [
            0.91,
            0.09
        ],
        [
            0.925,
            0.075
        ],
        [
            0.72,
            0.28
        ],
        [
            0.895,
            0.105
        ],
        [
            0.835,
            0.165
        ],
        [
            0.885,
            0.115
        ],
        [
            0.965,
            0.035
        ],
        [
            0.91,
            0.09
        ],
        [
            0.87,
            0.13
        ],
        [
            0.785,
            0.215
        ],
        [
            0.925,
            0.075
        ],
        [
            0.89,
            0.11
        ],
        [
            0.925,
            0.075
        ],
        [
            0.905,
            0.095
        ],
        [
            0.89,
            0.11
        ],
        [
            0.935,
            0.065
        ],
        [
            0.93,
            0.07
        ],
        [
            0.905,
            0.095
        ],
        [
            0.82,
            0.18
        ],
        [
            0.755,
            0.245
        ],
        [
            0.86,
            0.14
        ],
        [
            0.835,
            0.165
        ],
        [
            0.81,
            0.19
        ],
        [
            0.895,
            0.105
        ],
        [
            0.84,
            0.16
        ],
        [
            0.63,
            0.37
        ],
        [
            0.875,
            0.125
        ],
        [
            0.925,
            0.075
        ],
        [
            0.785,
            0.215
        ],
        [
            0.91,
            0.09
        ],
        [
            0.64,
            0.36
        ],
        [
            0.95,
            0.05
        ],
        [
            0.87,
            0.13
        ],
        [
            0.91,
            0.09
        ],
        [
            0.895,
            0.105
        ],
        [
            0.9,
            0.1
        ],
        [
            0.82,
            0.18
        ],
        [
            0.935,
            0.065
        ],
        [
            0.895,
            0.105
        ],
        [
            0.84,
            0.16
        ],
        [
            0.655,
            0.345
        ],
        [
            0.785,
            0.215
        ],
        [
            0.9,
            0.1
        ],
        [
            0.9,
            0.1
        ],
        [
            0.875,
            0.125
        ],
        [
            0.95,
            0.05
        ],
        [
            0.96,
            0.04
        ],
        [
            0.86,
            0.14
        ],
        [
            0.925,
            0.075
        ],
        [
            0.87,
            0.13
        ],
        [
            0.93,
            0.07
        ],
        [
            0.88,
            0.12
        ],
        [
            0.905,
            0.095
        ],
        [
            0.94,
            0.06
        ],
        [
            0.905,
            0.095
        ],
        [
            0.955,
            0.045
        ],
        [
            0.955,
            0.045
        ],
        [
            0.82,
            0.18
        ],
        [
            0.87,
            0.13
        ],
        [
            0.935,
            0.065
        ],
        [
            0.885,
            0.115
        ],
        [
            0.91,
            0.09
        ],
        [
            0.905,
            0.095
        ],
        [
            0.95,
            0.05
        ],
        [
            0.92,
            0.08
        ],
        [
            0.94,
            0.06
        ],
        [
            0.895,
            0.105
        ],
        [
            0.85,
            0.15
        ],
        [
            0.905,
            0.095
        ],
        [
            0.82,
            0.18
        ],
        [
            0.91,
            0.09
        ],
        [
            0.835,
            0.165
        ],
        [
            0.905,
            0.095
        ],
        [
            0.875,
            0.125
        ],
        [
            0.915,
            0.085
        ],
        [
            0.88,
            0.12
        ],
        [
            0.74,
            0.26
        ],
        [
            0.9,
            0.1
        ],
        [
            0.87,
            0.13
        ],
        [
            0.815,
            0.185
        ],
        [
            0.91,
            0.09
        ],
        [
            0.6,
            0.4
        ],
        [
            0.89,
            0.11
        ],
        [
            0.86,
            0.14
        ],
        [
            0.88,
            0.12
        ],
        [
            0.835,
            0.165
        ],
        [
            0.945,
            0.055
        ],
        [
            0.87,
            0.13
        ],
        [
            0.92,
            0.08
        ],
        [
            0.875,
            0.125
        ],
        [
            0.795,
            0.205
        ],
        [
            0.75,
            0.25
        ],
        [
            0.825,
            0.175
        ],
        [
            0.935,
            0.065
        ],
        [
            0.64,
            0.36
        ],
        [
            0.96,
            0.04
        ],
        [
            0.89,
            0.11
        ],
        [
            0.7,
            0.3
        ],
        [
            0.835,
            0.165
        ],
        [
            0.85,
            0.15
        ],
        [
            0.91,
            0.09
        ],
        [
            0.85,
            0.15
        ],
        [
            0.895,
            0.105
        ],
        [
            0.925,
            0.075
        ],
        [
            0.845,
            0.155
        ],
        [
            0.83,
            0.17
        ],
        [
            0.93,
            0.07
        ],
        [
            0.8,
            0.2
        ],
        [
            0.895,
            0.105
        ],
        [
            0.905,
            0.095
        ],
        [
            0.91,
            0.09
        ],
        [
            0.88,
            0.12
        ],
        [
            0.65,
            0.35
        ],
        [
            0.88,
            0.12
        ],
        [
            0.865,
            0.135
        ],
        [
            0.89,
            0.11
        ],
        [
            0.795,
            0.205
        ],
        [
            0.815,
            0.185
        ],
        [
            0.885,
            0.115
        ],
        [
            0.87,
            0.13
        ],
        [
            0.875,
            0.125
        ],
        [
            0.935,
            0.065
        ],
        [
            0.585,
            0.415
        ],
        [
            0.705,
            0.295
        ],
        [
            0.925,
            0.075
        ],
        [
            0.915,
            0.085
        ],
        [
            0.845,
            0.155
        ],
        [
            0.955,
            0.045
        ],
        [
            0.915,
            0.085
        ],
        [
            0.935,
            0.065
        ],
        [
            0.89,
            0.11
        ],
        [
            0.875,
            0.125
        ],
        [
            0.945,
            0.055
        ],
        [
            0.9,
            0.1
        ],
        [
            0.95,
            0.05
        ],
        [
            0.93,
            0.07
        ],
        [
            0.555,
            0.445
        ],
        [
            0.89,
            0.11
        ],
        [
            0.86,
            0.14
        ],
        [
            0.955,
            0.045
        ],
        [
            0.96,
            0.04
        ],
        [
            0.87,
            0.13
        ],
        [
            0.915,
            0.085
        ],
        [
            0.68,
            0.32
        ],
        [
            0.895,
            0.105
        ],
        [
            0.86,
            0.14
        ],
        [
            0.82,
            0.18
        ],
        [
            0.81,
            0.19
        ],
        [
            0.895,
            0.105
        ],
        [
            0.93,
            0.07
        ],
        [
            0.915,
            0.085
        ],
        [
            0.89,
            0.11
        ],
        [
            0.94,
            0.06
        ],
        [
            0.89,
            0.11
        ],
        [
            0.72,
            0.28
        ],
        [
            0.74,
            0.26
        ],
        [
            0.85,
            0.15
        ],
        [
            0.81,
            0.19
        ],
        [
            0.89,
            0.11
        ],
        [
            0.835,
            0.165
        ],
        [
            0.88,
            0.12
        ],
        [
            0.865,
            0.135
        ],
        [
            0.89,
            0.11
        ],
        [
            0.965,
            0.035
        ],
        [
            0.89,
            0.11
        ],
        [
            0.855,
            0.145
        ],
        [
            0.875,
            0.125
        ],
        [
            0.905,
            0.095
        ],
        [
            0.88,
            0.12
        ],
        [
            0.89,
            0.11
        ],
        [
            0.78,
            0.22
        ],
        [
            0.865,
            0.135
        ],
        [
            0.88,
            0.12
        ],
        [
            0.92,
            0.08
        ],
        [
            0.93,
            0.07
        ],
        [
            0.835,
            0.165
        ],
        [
            0.935,
            0.065
        ],
        [
            0.87,
            0.13
        ],
        [
            0.835,
            0.165
        ],
        [
            0.9,
            0.1
        ],
        [
            0.88,
            0.12
        ],
        [
            0.96,
            0.04
        ],
        [
            0.795,
            0.205
        ],
        [
            0.885,
            0.115
        ],
        [
            0.945,
            0.055
        ],
        [
            0.955,
            0.045
        ],
        [
            0.88,
            0.12
        ],
        [
            0.855,
            0.145
        ],
        [
            0.95,
            0.05
        ],
        [
            0.855,
            0.145
        ],
        [
            0.85,
            0.15
        ],
        [
            0.885,
            0.115
        ],
        [
            0.655,
            0.345
        ],
        [
            0.86,
            0.14
        ],
        [
            0.93,
            0.07
        ],
        [
            0.79,
            0.21
        ],
        [
            0.885,
            0.115
        ],
        [
            0.865,
            0.135
        ],
        [
            0.865,
            0.135
        ],
        [
            0.835,
            0.165
        ],
        [
            0.825,
            0.175
        ],
        [
            0.89,
            0.11
        ],
        [
            0.64,
            0.36
        ],
        [
            0.73,
            0.27
        ],
        [
            0.88,
            0.12
        ],
        [
            0.9,
            0.1
        ],
        [
            0.91,
            0.09
        ],
        [
            0.69,
            0.31
        ],
        [
            0.84,
            0.16
        ],
        [
            0.865,
            0.135
        ],
        [
            0.855,
            0.145
        ],
        [
            0.87,
            0.13
        ],
        [
            0.86,
            0.14
        ],
        [
            0.805,
            0.195
        ],
        [
            0.92,
            0.08
        ],
        [
            0.83,
            0.17
        ],
        [
            0.905,
            0.095
        ],
        [
            0.79,
            0.21
        ],
        [
            0.915,
            0.085
        ],
        [
            0.83,
            0.17
        ],
        [
            0.815,
            0.185
        ],
        [
            0.885,
            0.115
        ],
        [
            0.96,
            0.04
        ],
        [
            0.89,
            0.11
        ],
        [
            0.87,
            0.13
        ],
        [
            0.905,
            0.095
        ],
        [
            0.87,
            0.13
        ],
        [
            0.845,
            0.155
        ],
        [
            0.935,
            0.065
        ],
        [
            0.955,
            0.045
        ],
        [
            0.93,
            0.07
        ],
        [
            0.915,
            0.085
        ],
        [
            0.755,
            0.245
        ],
        [
            0.84,
            0.16
        ],
        [
            0.705,
            0.295
        ],
        [
            0.89,
            0.11
        ],
        [
            0.775,
            0.225
        ],
        [
            0.895,
            0.105
        ],
        [
            0.9,
            0.1
        ],
        [
            0.875,
            0.125
        ],
        [
            0.82,
            0.18
        ],
        [
            0.85,
            0.15
        ],
        [
            0.61,
            0.39
        ],
        [
            0.725,
            0.275
        ],
        [
            0.87,
            0.13
        ],
        [
            0.91,
            0.09
        ],
        [
            0.88,
            0.12
        ],
        [
            0.91,
            0.09
        ],
        [
            0.905,
            0.095
        ],
        [
            0.92,
            0.08
        ],
        [
            0.89,
            0.11
        ],
        [
            0.81,
            0.19
        ],
        [
            0.97,
            0.03
        ],
        [
            0.9,
            0.1
        ],
        [
            0.615,
            0.385
        ],
        [
            0.845,
            0.155
        ],
        [
            0.865,
            0.135
        ],
        [
            0.825,
            0.175
        ],
        [
            0.81,
            0.19
        ],
        [
            0.9,
            0.1
        ],
        [
            0.89,
            0.11
        ],
        [
            0.915,
            0.085
        ],
        [
            0.615,
            0.385
        ],
        [
            0.815,
            0.185
        ],
        [
            0.84,
            0.16
        ],
        [
            0.79,
            0.21
        ],
        [
            0.925,
            0.075
        ],
        [
            0.91,
            0.09
        ],
        [
            0.875,
            0.125
        ],
        [
            0.805,
            0.195
        ],
        [
            0.91,
            0.09
        ],
        [
            0.825,
            0.175
        ],
        [
            0.925,
            0.075
        ],
        [
            0.705,
            0.295
        ],
        [
            0.905,
            0.095
        ],
        [
            0.76,
            0.24
        ],
        [
            0.93,
            0.07
        ],
        [
            0.95,
            0.05
        ],
        [
            0.84,
            0.16
        ],
        [
            0.93,
            0.07
        ],
        [
            0.94,
            0.06
        ],
        [
            0.86,
            0.14
        ],
        [
            0.85,
            0.15
        ],
        [
            0.91,
            0.09
        ],
        [
            0.92,
            0.08
        ],
        [
            0.83,
            0.17
        ],
        [
            0.85,
            0.15
        ],
        [
            0.91,
            0.09
        ],
        [
            0.81,
            0.19
        ],
        [
            0.915,
            0.085
        ],
        [
            0.92,
            0.08
        ],
        [
            0.885,
            0.115
        ],
        [
            0.86,
            0.14
        ],
        [
            0.84,
            0.16
        ],
        [
            0.875,
            0.125
        ],
        [
            0.885,
            0.115
        ],
        [
            0.905,
            0.095
        ],
        [
            0.935,
            0.065
        ],
        [
            0.805,
            0.195
        ],
        [
            0.955,
            0.045
        ],
        [
            0.91,
            0.09
        ],
        [
            0.89,
            0.11
        ],
        [
            0.815,
            0.185
        ],
        [
            0.94,
            0.06
        ],
        [
            0.875,
            0.125
        ],
        [
            0.855,
            0.145
        ],
        [
            0.84,
            0.16
        ],
        [
            0.885,
            0.115
        ],
        [
            0.85,
            0.15
        ],
        [
            0.74,
            0.26
        ],
        [
            0.935,
            0.065
        ],
        [
            0.92,
            0.08
        ],
        [
            0.795,
            0.205
        ],
        [
            0.83,
            0.17
        ],
        [
            0.84,
            0.16
        ],
        [
            0.865,
            0.135
        ],
        [
            0.885,
            0.115
        ],
        [
            0.885,
            0.115
        ],
        [
            0.92,
            0.08
        ],
        [
            0.835,
            0.165
        ],
        [
            0.85,
            0.15
        ],
        [
            0.95,
            0.05
        ],
        [
            0.895,
            0.105
        ],
        [
            0.86,
            0.14
        ],
        [
            0.88,
            0.12
        ],
        [
            0.72,
            0.28
        ],
        [
            0.91,
            0.09
        ],
        [
            0.845,
            0.155
        ],
        [
            0.905,
            0.095
        ],
        [
            0.925,
            0.075
        ],
        [
            0.945,
            0.055
        ],
        [
            0.945,
            0.055
        ],
        [
            0.91,
            0.09
        ],
        [
            0.91,
            0.09
        ],
        [
            0.935,
            0.065
        ],
        [
            0.915,
            0.085
        ],
        [
            0.94,
            0.06
        ],
        [
            0.625,
            0.375
        ],
        [
            0.905,
            0.095
        ],
        [
            0.875,
            0.125
        ],
        [
            0.86,
            0.14
        ],
        [
            0.885,
            0.115
        ],
        [
            0.9,
            0.1
        ],
        [
            0.905,
            0.095
        ],
        [
            0.855,
            0.145
        ],
        [
            0.945,
            0.055
        ],
        [
            0.89,
            0.11
        ],
        [
            0.89,
            0.11
        ],
        [
            0.965,
            0.035
        ],
        [
            0.9,
            0.1
        ],
        [
            0.87,
            0.13
        ],
        [
            0.955,
            0.045
        ],
        [
            0.875,
            0.125
        ],
        [
            0.77,
            0.23
        ],
        [
            0.85,
            0.15
        ],
        [
            0.875,
            0.125
        ],
        [
            0.92,
            0.08
        ],
        [
            0.875,
            0.125
        ],
        [
            0.92,
            0.08
        ],
        [
            0.895,
            0.105
        ],
        [
            0.865,
            0.135
        ],
        [
            0.94,
            0.06
        ],
        [
            0.855,
            0.145
        ],
        [
            0.915,
            0.085
        ],
        [
            0.97,
            0.03
        ],
        [
            0.84,
            0.16
        ],
        [
            0.875,
            0.125
        ],
        [
            0.905,
            0.095
        ],
        [
            0.93,
            0.07
        ],
        [
            0.795,
            0.205
        ],
        [
            0.9,
            0.1
        ],
        [
            0.96,
            0.04
        ],
        [
            0.945,
            0.055
        ],
        [
            0.845,
            0.155
        ],
        [
            0.825,
            0.175
        ],
        [
            0.845,
            0.155
        ],
        [
            0.945,
            0.055
        ],
        [
            0.905,
            0.095
        ],
        [
            0.905,
            0.095
        ],
        [
            0.885,
            0.115
        ],
        [
            0.795,
            0.205
        ],
        [
            0.64,
            0.36
        ],
        [
            0.83,
            0.17
        ],
        [
            0.865,
            0.135
        ],
        [
            0.925,
            0.075
        ],
        [
            0.825,
            0.175
        ],
        [
            0.855,
            0.145
        ],
        [
            0.87,
            0.13
        ],
        [
            0.905,
            0.095
        ],
        [
            0.855,
            0.145
        ],
        [
            0.855,
            0.145
        ],
        [
            0.785,
            0.215
        ],
        [
            0.86,
            0.14
        ],
        [
            0.905,
            0.095
        ],
        [
            0.9,
            0.1
        ],
        [
            0.91,
            0.09
        ],
        [
            0.935,
            0.065
        ],
        [
            0.885,
            0.115
        ],
        [
            0.855,
            0.145
        ],
        [
            0.855,
            0.145
        ],
        [
            0.9,
            0.1
        ],
        [
            0.845,
            0.155
        ],
        [
            0.885,
            0.115
        ],
        [
            0.765,
            0.235
        ],
        [
            0.845,
            0.155
        ],
        [
            0.905,
            0.095
        ],
        [
            0.915,
            0.085
        ],
        [
            0.92,
            0.08
        ],
        [
            0.8,
            0.2
        ],
        [
            0.905,
            0.095
        ],
        [
            0.875,
            0.125
        ],
        [
            0.895,
            0.105
        ],
        [
            0.95,
            0.05
        ],
        [
            0.9,
            0.1
        ],
        [
            0.73,
            0.27
        ],
        [
            0.855,
            0.145
        ],
        [
            0.915,
            0.085
        ],
        [
            0.85,
            0.15
        ],
        [
            0.905,
            0.095
        ],
        [
            0.88,
            0.12
        ],
        [
            0.92,
            0.08
        ],
        [
            0.875,
            0.125
        ],
        [
            0.93,
            0.07
        ],
        [
            0.92,
            0.08
        ],
        [
            0.835,
            0.165
        ],
        [
            0.86,
            0.14
        ],
        [
            0.865,
            0.135
        ],
        [
            0.945,
            0.055
        ],
        [
            0.85,
            0.15
        ],
        [
            0.83,
            0.17
        ],
        [
            0.85,
            0.15
        ],
        [
            0.92,
            0.08
        ],
        [
            0.885,
            0.115
        ],
        [
            0.89,
            0.11
        ],
        [
            0.81,
            0.19
        ],
        [
            0.77,
            0.23
        ],
        [
            0.935,
            0.065
        ],
        [
            0.915,
            0.085
        ],
        [
            0.875,
            0.125
        ],
        [
            0.665,
            0.335
        ],
        [
            0.955,
            0.045
        ],
        [
            0.875,
            0.125
        ],
        [
            0.855,
            0.145
        ],
        [
            0.79,
            0.21
        ],
        [
            0.865,
            0.135
        ],
        [
            0.94,
            0.06
        ],
        [
            0.86,
            0.14
        ],
        [
            0.89,
            0.11
        ],
        [
            0.895,
            0.105
        ],
        [
            0.9,
            0.1
        ],
        [
            0.65,
            0.35
        ],
        [
            0.925,
            0.075
        ],
        [
            0.87,
            0.13
        ],
        [
            0.815,
            0.185
        ],
        [
            0.975,
            0.025
        ],
        [
            0.89,
            0.11
        ],
        [
            0.865,
            0.135
        ]
    ],
    "y_pred": [
        0,
        0,
        0,
        0,
        0,
        0,
        0,
        0,
        0,
        0,
        0,
        0,
        0,
        0,
        0,
        0,
        0,
        0,
        0,
        0,
        0,
        0,
        0,
        0,
        0,
        0,
        0,
        0,
        0,
        0,
        0,
        0,
        0,
        0,
        0,
        0,
        0,
        0,
        0,
        0,
        0,
        0,
        0,
        0,
        0,
        0,
        0,
        0,
        0,
        0,
        0,
        0,
        0,
        0,
        0,
        0,
        0,
        0,
        0,
        0,
        0,
        0,
        0,
        0,
        0,
        0,
        0,
        0,
        0,
        0,
        0,
        0,
        0,
        0,
        0,
        0,
        0,
        0,
        0,
        0,
        0,
        0,
        0,
        0,
        0,
        0,
        0,
        0,
        0,
        0,
        0,
        0,
        0,
        0,
        0,
        0,
        0,
        0,
        0,
        0,
        0,
        0,
        0,
        0,
        0,
        0,
        0,
        0,
        0,
        0,
        0,
        0,
        0,
        0,
        0,
        0,
        0,
        0,
        0,
        0,
        0,
        0,
        0,
        0,
        0,
        0,
        0,
        0,
        0,
        0,
        0,
        0,
        0,
        0,
        0,
        0,
        0,
        0,
        0,
        0,
        0,
        0,
        0,
        0,
        0,
        0,
        0,
        0,
        0,
        0,
        0,
        0,
        0,
        0,
        0,
        0,
        0,
        0,
        0,
        0,
        0,
        0,
        0,
        0,
        0,
        0,
        0,
        0,
        0,
        0,
        0,
        0,
        0,
        0,
        0,
        0,
        0,
        0,
        0,
        0,
        0,
        0,
        0,
        0,
        0,
        0,
        0,
        0,
        0,
        0,
        0,
        0,
        0,
        0,
        0,
        0,
        0,
        0,
        0,
        0,
        0,
        0,
        0,
        0,
        0,
        0,
        0,
        0,
        0,
        0,
        0,
        0,
        0,
        0,
        0,
        0,
        0,
        0,
        0,
        0,
        0,
        0,
        0,
        0,
        0,
        0,
        0,
        0,
        0,
        0,
        0,
        0,
        0,
        0,
        0,
        0,
        0,
        0,
        0,
        0,
        0,
        0,
        0,
        0,
        0,
        0,
        0,
        0,
        0,
        0,
        0,
        0,
        0,
        0,
        0,
        0,
        0,
        0,
        0,
        0,
        0,
        0,
        0,
        0,
        0,
        0,
        0,
        0,
        0,
        0,
        0,
        0,
        0,
        0,
        0,
        0,
        0,
        0,
        0,
        0,
        0,
        0,
        0,
        0,
        0,
        0,
        0,
        0,
        0,
        0,
        0,
        0,
        0,
        0,
        0,
        0,
        0,
        0,
        0,
        0,
        0,
        0,
        0,
        0,
        0,
        0,
        0,
        0,
        0,
        0,
        0,
        0,
        0,
        0,
        0,
        0,
        0,
        0,
        0,
        0,
        0,
        0,
        0,
        0,
        0,
        0,
        0,
        0,
        0,
        0,
        0,
        0,
        0,
        0,
        0,
        0,
        0,
        0,
        0,
        0,
        0,
        0,
        0,
        0,
        0,
        0,
        0,
        0,
        0,
        0,
        0,
        0,
        0,
        0,
        0,
        0,
        0,
        0,
        0,
        0,
        0,
        0,
        0,
        0,
        0,
        0,
        0,
        0,
        0,
        0,
        0,
        0,
        0,
        0,
        0,
        0,
        0,
        0,
        0,
        0,
        0,
        0,
        0,
        0,
        0,
        0,
        0,
        0,
        0,
        0,
        0,
        0,
        0,
        0,
        0,
        0,
        0,
        0,
        0,
        0,
        0,
        0,
        0,
        0,
        0,
        0,
        0,
        0,
        0,
        0,
        0,
        0,
        0,
        0,
        0,
        0,
        0,
        0,
        0,
        0,
        0,
        0,
        0,
        0,
        0,
        0,
        0,
        0,
        0,
        0,
        0,
        0,
        0,
        0,
        0,
        0,
        0,
        0,
        0,
        0,
        0,
        0,
        0,
        0,
        0,
        0,
        0,
        0,
        0,
        0,
        0,
        0,
        0,
        0,
        0,
        0,
        0,
        0,
        0,
        0,
        0,
        0,
        0,
        0,
        0,
        0,
        0,
        0,
        0,
        0,
        0,
        0,
        0,
        0,
        0,
        0,
        0,
        0,
        0,
        0,
        0,
        0,
        0,
        0,
        0,
        0,
        0,
        0,
        0,
        0,
        0,
        0,
        0,
        0,
        0,
        0,
        0,
        0,
        0,
        0,
        0,
        0,
        0,
        0,
        0,
        0,
        0,
        0,
        0,
        0,
        0,
        0,
        0,
        0,
        0,
        0,
        0,
        0,
        0,
        0,
        0,
        0,
        0,
        0,
        0,
        0,
        0,
        0,
        0,
        0,
        0,
        0,
        0,
        0,
        0,
        0,
        0,
        0,
        0,
        0,
        0,
        0,
        0,
        0,
        0,
        0,
        0,
        0,
        0,
        0,
        0,
        0
    ],
    "y_test": [
        0,
        0,
        0,
        0,
        0,
        1,
        1,
        0,
        0,
        0,
        0,
        0,
        0,
        0,
        0,
        0,
        0,
        0,
        0,
        0,
        0,
        0,
        0,
        0,
        0,
        0,
        0,
        0,
        0,
        0,
        0,
        0,
        0,
        0,
        0,
        0,
        0,
        0,
        1,
        0,
        0,
        0,
        0,
        0,
        0,
        0,
        0,
        0,
        0,
        0,
        0,
        0,
        0,
        0,
        0,
        0,
        0,
        0,
        0,
        0,
        0,
        0,
        0,
        0,
        0,
        0,
        0,
        1,
        0,
        0,
        0,
        0,
        0,
        0,
        1,
        0,
        0,
        0,
        0,
        0,
        0,
        0,
        0,
        0,
        0,
        0,
        0,
        1,
        0,
        0,
        0,
        0,
        0,
        0,
        0,
        0,
        0,
        1,
        0,
        0,
        0,
        0,
        0,
        0,
        0,
        0,
        1,
        0,
        0,
        0,
        0,
        1,
        1,
        0,
        1,
        0,
        0,
        0,
        0,
        0,
        1,
        0,
        0,
        0,
        1,
        1,
        1,
        0,
        0,
        1,
        0,
        0,
        0,
        0,
        0,
        0,
        0,
        0,
        0,
        0,
        0,
        0,
        0,
        1,
        1,
        0,
        0,
        0,
        0,
        0,
        0,
        0,
        0,
        0,
        0,
        0,
        0,
        0,
        0,
        0,
        0,
        0,
        0,
        0,
        1,
        0,
        0,
        0,
        0,
        1,
        1,
        1,
        0,
        0,
        0,
        0,
        1,
        0,
        0,
        0,
        0,
        0,
        0,
        0,
        0,
        0,
        0,
        0,
        0,
        0,
        0,
        0,
        1,
        0,
        0,
        0,
        0,
        1,
        0,
        0,
        0,
        0,
        1,
        0,
        0,
        0,
        0,
        1,
        0,
        0,
        0,
        0,
        0,
        0,
        0,
        1,
        0,
        1,
        0,
        0,
        0,
        0,
        0,
        0,
        0,
        0,
        0,
        0,
        0,
        0,
        0,
        1,
        0,
        0,
        0,
        0,
        0,
        0,
        0,
        1,
        0,
        0,
        0,
        0,
        0,
        0,
        0,
        0,
        0,
        1,
        0,
        0,
        0,
        0,
        0,
        0,
        0,
        0,
        0,
        1,
        0,
        0,
        0,
        0,
        0,
        0,
        0,
        0,
        0,
        0,
        1,
        0,
        0,
        0,
        0,
        1,
        0,
        0,
        0,
        0,
        0,
        0,
        0,
        0,
        0,
        0,
        0,
        1,
        0,
        0,
        0,
        0,
        0,
        0,
        0,
        0,
        0,
        1,
        1,
        0,
        0,
        0,
        1,
        0,
        0,
        0,
        1,
        0,
        0,
        0,
        1,
        0,
        1,
        0,
        0,
        0,
        0,
        0,
        0,
        0,
        0,
        1,
        0,
        0,
        0,
        0,
        0,
        1,
        0,
        0,
        0,
        1,
        0,
        0,
        0,
        0,
        0,
        1,
        0,
        0,
        0,
        0,
        0,
        0,
        0,
        1,
        0,
        0,
        0,
        1,
        0,
        0,
        0,
        0,
        0,
        0,
        0,
        1,
        0,
        0,
        0,
        0,
        0,
        1,
        1,
        0,
        0,
        0,
        0,
        0,
        1,
        0,
        0,
        0,
        0,
        0,
        0,
        0,
        0,
        0,
        0,
        0,
        0,
        0,
        1,
        0,
        0,
        1,
        0,
        1,
        0,
        0,
        0,
        0,
        1,
        0,
        1,
        1,
        0,
        0,
        0,
        0,
        0,
        0,
        0,
        0,
        0,
        0,
        0,
        0,
        0,
        0,
        0,
        0,
        0,
        0,
        0,
        1,
        0,
        0,
        1,
        0,
        1,
        0,
        0,
        0,
        0,
        0,
        0,
        0,
        0,
        0,
        1,
        0,
        0,
        1,
        1,
        0,
        0,
        0,
        0,
        0,
        0,
        0,
        0,
        0,
        0,
        0,
        0,
        0,
        0,
        0,
        1,
        0,
        0,
        0,
        0,
        0,
        0,
        0,
        0,
        0,
        0,
        0,
        0,
        0,
        0,
        0,
        0,
        0,
        1,
        0,
        0,
        0,
        0,
        0,
        1,
        1,
        1,
        0,
        0,
        1,
        1,
        0,
        0,
        0,
        0,
        0,
        1,
        0,
        0,
        0,
        0,
        0,
        0,
        0,
        0,
        0,
        0,
        1,
        0,
        0,
        0,
        0,
        0,
        0,
        0,
        0,
        0,
        1,
        0,
        0,
        0,
        0,
        0,
        0,
        0,
        0,
        0,
        1,
        0,
        0,
        0,
        0,
        1,
        0,
        0,
        0,
        0,
        0,
        1,
        1,
        0,
        0,
        1,
        0,
        0,
        0,
        0,
        1,
        0,
        0,
        0,
        0,
        0,
        1,
        0,
        0,
        0,
        0,
        0,
        0
    ],
    "accuracy": 0.8532608695652174,
    "auprc": 0.4938282224788722,
    "auroc": 0.7352494036853556
}